"UNITID","INSTNM","ADDR","CITY","STABBR","ZIP","FIPS","OBEREG","CHFNM","CHFTITLE","GENTELE","EIN","OPEID","OPEFLAG","WEBADDR","ADMINURL","FAIDURL","APPLURL","NPRICURL","SECTOR","ICLEVEL","CONTROL","HLOFFER","UGOFFER","GROFFER","HDEGOFR1","DEGGRANT","HBCU","HOSPITAL","MEDICAL","TRIBAL","LOCALE","OPENPUBL","ACT","NEWID","DEATHYR","CLOSEDAT","CYACTIVE","POSTSEC","PSEFLAG","PSET4FLG","RPTMTH","IALIAS","INSTCAT","CCBASIC","CCIPUG","CCIPGRAD","CCUGPROF","CCENRPRF","CCSIZSET","CARNEGIE","LANDGRNT","INSTSIZE","CBSA","CBSATYPE","CSA","NECTA","F1SYSTYP","F1SYSNAM","FAXTELE","COUNTYCD","COUNTYNM","CNGDSTCD","LONGITUD","LATITUDE"
104151,"Arizona State University","University Drive and Mill Avenue","Tempe","AZ","85287"," 4"," 6","Michael M. Crow","President","4809652100","860196696","00108100",1,"www.asu.edu/","https://students.asu.edu/admission","https://students.asu.edu/financialaid","https://webapp4.asu.edu/ugapp/mainmenulogic","students.asu.edu/costs",1,1,1,9,1,1,11,1,2,2,2,2,12,1,"A ",-2,-2,"-2",1,1,1,1,1,"ASU",2,15,11,15,11,4,15,15,2,5,38060,1,-2,-2,1,"Arizona Board of Regents","4809653610",4013,"Maricopa County",409,-111.940011,33.421922
106458,"Arkansas State University-Main Campus","2105 E. Aggie Road","Jonesboro","AR","72401"," 5"," 5","Dr. Tim Hudson","Chancellor","8709722100","716000556","00109000",1,"www2.astate.edu","admissions.astate.edu/","finaid.astate.edu/","www2.astate.edu/a/student-affairs/admissions/apply-now/","www.astate.edu/a/student-affairs/finaid/npc.dot",1,1,1,9,1,1,11,1,2,2,2,2,13,1,"A ",-2,-2,"-2",1,1,1,1,1,"Arkansas State University-Jonesboro",2,18,13,18,9,4,12,21,2,4,27860,1,308,-2,1,"Arkansas State University System","8709723406",5031,"Craighead County",501,-90.680478,35.842779
100858,"Auburn University","Auburn, Alabama","Auburn University","AL","36849"," 1"," 5","Jay Gogue","President","3348444000","636000724","00100900",1,"www.auburn.edu","www.auburn.edu/admissions/","www.auburn.edu/administration/business_office/finaid/","www.auburn.edu/admissions/apply/","www.auburn.edu/admissions/money-matters.html",1,1,1,9,1,1,11,1,2,2,1,2,13,1,"A ",-2,-2,"-2",1,1,1,1,1," ",2,16,14,14,13,4,15,15,1,5,12220,1,194,-2,1,"Auburn University"," ",1081,"Lee County",103,-85.492409,32.600201
150136,"Ball State University","2000 University Ave","Muncie","IN","47306",18," 3","Dr. Jo Ann M. Gora","President","7652891241","356000221","00178600",1,"www.bsu.edu","www.bsu.edu/web/admissions/","www.bsu.edu/finaid","cms.bsu.edu/AdmissionsLanding/UndergraduateAdmissions/ApplyNow.aspx","cms.bsu.edu/AdmissionsLanding/ScholarshipsandFinancialAid/NetPriceCalculator.aspx",1,1,1,9,1,1,11,1,2,2,2,2,13,1,"A ",-2,-2,"-2",1,1,1,1,1,"BSU|Ball U",2,16,13,15,10,4,16,16,2,5,34620,1,294,-2,2," "," ",18035,"Delaware County",1806,-85.408863,40.198942
223232,"Baylor University","500 Speight Ave.","Waco","TX","76798",48," 6","Kenneth W. Starr","President","2547101011","741159753","00354500",1,"www.baylor.edu","www.baylor.edu/adm","www.baylor.edu/admissions/index.php?id=82201","www.baylor.edu/adm","www.baylor.edu/sfs/index.php?id=85858",2,1,2,9,1,1,11,1,2,2,2,2,12,1,"A ",-2,-2,"-2",1,1,1,1,1," ",2,16,11,15,12,4,16,16,2,4,47380,1,-2,-2,2," "," ",48309,"McLennan County",4817,-97.119359,31.545956
142115,"Boise State University","1910 University Dr","Boise","ID","83725",16," 7","Dr. Bob Kustra","President","2084261011","820290701","00161600",1,"www.boisestate.edu","admissions.boisestate.edu/","financialaid.boisestate.edu/","admissions.boisestate.edu/apply","admissions.boisestate.edu/estimator",1,1,1,9,1,1,12,1,2,2,2,2,12,1,"A ",-2,-2,"-2",1,1,1,1,1,"Boise State",2,18,10,18,8,3,15,21,2,5,14260,1,147,-2,1,"Idaho State Board of Education"," ",16001,"Ada County",1602,-116.205789,43.604403
164924,"Boston College","140 Commonwealth Avenue","Chestnut Hill","MA","02467",25," 1","William P. Leahy, S.J.","President","6175528000","042103545","00212800",1,"www.bc.edu"," "," "," ","npc.collegeboard.org/student/app/bc",2,1,2,9,1,1,11,1,2,2,2,2,13,1,"A ",-2,-2,"-2",1,1,1,1,1," ",2,16,8,15,12,5,17,15,2,4,14460,1,148,71650,2," "," ",25017,"Middlesex County",2504,-71.171488,42.337688
201441,"Bowling Green State University-Main Campus","220 McFall Ctr","Bowling Green","OH","43403",39," 3","Mary Ellen Mazey","President","4193722531","346402018","00301800",1,"www.bgsu.edu","choose.bgsu.edu/","www.bgsu.edu/offices/sfa/","choose.bgsu.edu/apply/online/","sfa.bgsu.edu/net_price_calculator/main/",1,1,1,9,1,1,12,1,2,2,2,2,31,1,"A ",-2,-2,"-2",1,1,1,1,1,"BGSU",2,16,13,15,10,4,16,16,2,4,45780,1,534,-2,2," ","4193726955",39173,"Wood County",3905,-83.637531,41.377036
230038,"Brigham Young University-Provo","Main Campus","Provo","UT","84602",49," 7","Cecil O. Samuelson","President","8014224636","-1","00367000",1,"www.byu.edu","saas.byu.edu/tools/b4byu/sites/b4/","saas.byu.edu/financialAid/","www.besmart.com/admissions/apply.honorcode.php","saas.byu.edu/financialAid/netpricecalculator/BYU_NetPriceCalculator.htm",2,1,2,9,1,1,11,1,2,2,2,2,12,1,"A ",-2,-2,"-2",1,1,1,1,1,"BYU",2,16,11,18,12,3,15,15,2,5,39340,1,482,-2,2," "," ",49049,"Utah County",4903,-111.649281,40.250851
110556,"California State University-Fresno","5241 N Maple Ave","Fresno","CA","93740"," 6"," 8","John D Welty","President","5592784240","946001347","00114700",1,"www.csufresno.edu"," "," "," ","www.collegeportraits.org/CA/CSUFRESNO/costs",1,1,1,9,1,1,12,1,2,2,2,2,11,1,"A ",-2,-2,"-2",1,1,1,1,1," ",2,18,11,12,9,4,15,21,2,5,23420,1,260,-2,1,"California State University"," ",6019,"Fresno County",622,-119.748258,36.814477
169248,"Central Michigan University","106 Warriner Hall","Mount Pleasant","MI","48859",26," 3","George E. Ross","President","9897744000","386004447","00224300",1,"go.cmich.edu","go.cmich.edu/apply","go.cmich.edu/financial_information/OfficeofScholarshipsandFinancialAid","apply.cmich.edu","netconnect.cmich.edu/netpricecalculator",1,1,1,9,1,1,11,1,2,2,2,2,32,1,"A ",-2,-2,"-2",1,1,1,1,1," ",2,17,13,18,10,4,16,16,2,5,34380,2,394,-2,2," ","9897741408",26073,"Isabella County",2604,-84.776729,43.610947
217882,"Clemson University","201 Sikes Hall","Clemson","SC","29634",45," 5","James F. Barker","President","8646564636","576000254","00342500",1,"www.clemson.edu","www.clemson.edu/admissions/index.html","www.clemson.edu/finaid/","https://www.applyweb.com/apply/clemson/","workgroups.clemson.edu/A_A_5690_OIR/cunpc/index.cgi",1,1,1,9,1,1,12,1,2,2,2,2,21,1,"A ",-2,-2,"-2",1,1,1,1,1," ",2,16,14,17,13,4,16,15,1,5,24860,1,273,-2,2," ","8646562464",45077,"Pickens County",4503,-82.834463,34.677329
126818,"Colorado State University-Fort Collins","102 Administration Building","Fort Collins","CO","80523-0100"," 8"," 7","Anthony A. Frank","President","9704911101","846000545","00135000",1,"www.colostate.edu"," "," "," ","tuition.colostate.edu/Main.aspx",1,1,1,9,1,1,11,1,2,2,1,2,12,1,"A ",-2,-2,"-2",1,1,1,1,1," ",2,15,11,17,11,4,16,15,1,5,22660,1,-2,-2,1,"Colorado State University System"," ",8069,"Larimer County",802,-105.08083,40.574759
198419,"Duke University","103 Allen Bldg","Durham","NC","27708",37," 5","Richard Brodhead","President","9196848111","560532129","00292000",1,"WWW.DUKE.EDU","www.admissions.duke.edu","www.finaid.duke.edu","www.commonapp.org/CommonApp/default.aspx","npc.collegeboard.org/student/app/duke",2,1,2,9,1,1,11,1,2,1,1,2,12,1,"A ",-2,-2,"-2",1,1,1,1,1," ",2,15,8,14,12,6,17,15,2,4,20500,1,450,-2,2," "," ",37063,"Durham County",3701,-78.94226,36.00159
198464,"East Carolina University","East 5th Street","Greenville","NC","27858-4353",37," 5","Steve Ballard","Chancellor","2523286131","566000403","00292300",1,"www.ecu.edu","www.ecu.edu/admissions/","www.ecu.edu/financial/","https://www1.cfnc.org/applications/East_Carolina_University/apply.html?application_id=1538","www.collegeportraits.org/NC/ECU/estimator/agree",1,1,1,9,1,1,11,1,2,2,1,2,13,1,"A ",-2,-2,"-2",1,1,1,1,1,"ECU",2,17,14,18,11,4,15,16,2,5,24780,1,274,-2,1,"University of North Carolina"," ",37147,"Pitt County",3703,-77.366199,35.606347
169798,"Eastern Michigan University","202 Welch Hall","Ypsilanti","MI","48197",26," 3","Dr. Susan Martin","President","7344871849","386005986","00225900",1,"www.emich.edu","www.emich.edu/admissions/","www.emich.edu/finaid/","www.emich.edu/admissions/apply/","www.emich.edu/finaid/calculator/",1,1,1,9,1,1,12,1,2,2,2,2,21,1,"A ",-2,-2,"-2",1,1,1,1,1," ",2,18,14,18,8,4,15,21,2,5,11460,1,220,-2,2," "," ",26161,"Washtenaw County",2612,-83.627076,42.247936
133669,"Florida Atlantic University","777 Glades Rd","Boca Raton","FL","33431-0991",12," 5","Mary Jane Saunders","President","5612973000","650385507","00148100",1,"www.fau.edu/","www.fau.edu/admissions/","www.fau.edu/finaid/","www.fau.edu/admissions/Apply_Online.php","www.fau.edu/admissions/npcalc.htm",1,1,1,9,1,1,11,1,2,2,2,2,13,1,"A ",-2,-2,"-2",1,1,1,1,1,"FAU",2,16,14,18,6,4,15,16,2,5,33100,1,370,-2,1,"State University System of Florida"," ",12099,"Palm Beach County",1222,-80.102293,26.372536
133951,"Florida International University","11200 S. W. 8 Street","Miami","FL","33199",12," 5","Mark Rosenberg","President","3053482000","596001874","00963500",1,"www.fiu.edu","admissions.fiu.edu/","finaid.fiu.edu/","www.fiu.edu","www.collegeportraits.org/FL/FIU/estimator/agree",1,1,1,9,1,1,11,1,2,2,1,2,21,1,"A ",-2,-2,"-2",1,1,1,1,1,"FIU",2,16,14,15,8,4,15,15,2,5,33100,1,370,-2,1,"State University System of Florida"," ",12086,"Miami-Dade County",1226,-80.377591,25.757111
134097,"Florida State University","222 S. Copeland Street","Tallahassee","FL","32306-1037",12," 5","Eric J. Barron","President","8506442525","591961248","00148900",1,"www.fsu.edu","admissions.fsu.edu/","financialaid.fsu.edu/","https://admissions.fsu.edu/undergradapp/","www.collegeportraits.org/FL/FSU/estimator",1,1,1,9,1,1,11,1,2,2,1,2,12,1,"A ",-2,-2,"-2",1,1,1,1,1,"Florida State|F.S.U.|FSU|F. S. U.|Fla. State University|Fla. State|Fl State University|Fl State|FL State University|FL State|Seminoles|Noles|Florida State Seminoles|Florida State University Seminoles|Fl. State|Fl. State University|The Florida State University|Floridia State University|Florda State University|Florida State Univerisity|Flordia State University|Florida State Unversity|",2,15,11,14,13,4,15,15,2,5,45220,1,533,-2,1,"State University System of Florida","8506440197",12073,"Leon County",1202,-84.290883,30.439741
139755,"Georgia Institute of Technology-Main Campus","225 North Ave","Atlanta","GA","30332-0530",13," 5","G.P.  Bud  Peterson","President","4048942000","586002023","00156900",1,"www.gatech.edu","www.admission.gatech.edu/","www.finaid.gatech.edu/","www.admission.gatech.edu/apply/"," ",1,1,1,9,1,1,12,1,2,2,2,2,11,1,"A ",-2,-2,"-2",1,1,1,1,1,"Georgia Tech",2,15,14,15,12,5,17,15,2,5,12060,1,122,-2,1,"University System of Georgia"," ",13121,"Fulton County",1305,-84.396019,33.773732
139940,"Georgia State University","33 gilmer st","Atlanta","GA","30303-3083",13," 5","Mark P. Becker","President","4044132000","586002050","00157400",1,"www.gsu.edu","www.gsu.edu/admissions/","www.gsu.edu/es/financial_aid.html","www.gsu.edu/gastate_admissions.html","www.gsu.edu/admissions/cost_calculator.html",1,1,1,9,1,1,11,1,2,2,2,2,11,1,"A ",-2,-2,"-2",1,1,1,1,1," ",2,15,11,15,8,4,15,15,2,5,12060,1,122,-2,1,"University System of Georgia","4044132002",13121,"Fulton County",1305,-84.38667,33.7527
151351,"Indiana University-Bloomington","107 South Indiana Ave.","Bloomington","IN","47405-7000",18," 3","Michael McRobbie","President","8128554848","356001673","00180900",1,"www.iub.edu","admit.indiana.edu/","www.indiana.edu/~sfa/","admit.indiana.edu/apply/freshmen/apply.shtml","npc.collegeboard.org/student/app/indiana",1,1,1,9,1,1,11,1,2,2,2,2,13,1,"A ",-2,-2,"-2",1,1,1,1,1,"IU|IUB|IU Bloomington|",2,15,11,15,12,4,16,15,2,5,14020,1,144,-2,1,"Indiana University"," ",18105,"Monroe County",1809,-86.526904,39.166383
153603,"Iowa State University","3410 Beardshear Hall","Ames","IA","50011-2030",19," 4","Steven Leath","President","5152945836","426004224","00186900",1,"www.iastate.edu","www.admissions.iastate.edu/","www.financialaid.iastate.edu/","www.admissions.iastate.edu/apply/","www.financialaid.iastate.edu/planning/financialcalculator.php",1,1,1,9,1,1,11,1,2,2,1,2,13,1,"A ",-2,-2,"-2",1,1,1,1,1,"ISU",2,15,14,14,13,4,16,15,1,5,11180,1,218,-2,2," ","5152942592",19169,"Story County",1904,-93.648353,42.026368
155399,"Kansas State University","Anderson Hall","Manhattan","KS","66506",20," 4","Kirk Schulz","President","7855326011","480771751","00192800",1,"www.k-state.edu","www.k-state.edu/admissions/","www.k-state.edu/sfa","https://apply.k-state.edu/app/open/ChooseTerm_open.action","www.k-state.edu/admissions/finaid/",1,1,1,9,1,1,11,1,2,2,1,2,13,1,"A ",-2,-2,"-2",1,1,1,1,1,"K-State",2,16,14,14,11,4,16,15,1,5,31740,1,358,-2,1,"Kansas State University System","7855326393",20161,"Riley County",2001,-96.581077,39.188616
203517,"Kent State University at Kent","Executive Office, 2nd Floor Library","Kent","OH","44242-0001",39," 3","Dr. Lester Lefton","President","3306723000","316402079","00305100",1,"www.kent.edu"," "," "," ","cmsprod.uis.kent.edu/about/administration/EMSA/financialaid/ksunpc.cfm",1,1,1,9,1,1,11,1,2,2,2,2,21,1,"A ",-2,-2,"-2",1,1,1,1,1," ",2,16,14,15,11,4,16,15,2,5,10420,1,184,-2,1,"The University System of Ohio"," ",39133,"Portage County",3913,-81.342253,41.146856
159391,"Louisiana State University and Agricultural & Mechanical College","156 Thomas Boyd Hall","Baton Rouge","LA","70803-2750",22," 5","William Jenkins","Chancellor","2255783202","726000848","00201000",1,"www.lsu.edu","www.lsu.edu/departments/admissions/","www.lsu.edu/financialaid/","www.lsu.edu/departments/admissions/","www.lsu.edu/departments/financialaid/item30486",1,1,1,9,1,1,11,1,2,2,1,2,41,1,"A ",-2,-2,"-2",1,1,1,1,1,"Louisiana State University|LSU",2,15,11,14,12,4,16,15,1,5,12940,1,-2,-2,1,"Louisiana State University System","2255785982",22033,"East Baton Rouge Parish",2202,-91.196656,30.552111
159647,"Louisiana Tech University","305 Wisteria","Ruston","LA","71272",22," 5","Daniel D. Reneau","President","3182572000","726000792","00200800",1,"www.latech.edu","www.latech.edu/admissions/","www.latech.edu/finaid/","www.latech.edu/admissions/apply.shtml","www.latech.edu/financial_aid/netprice/npcalc.htm",1,1,1,9,1,1,11,1,2,2,2,2,32,1,"A ",-2,-2,"-2",1,1,1,1,1,"LA Tech, Louisiana Tech, Tech",2,16,13,18,10,4,13,16,2,4,40820,2,384,-2,1,"The University of Louisiana System","3182572499",22061,"Lincoln Parish",2205,-92.64964,32.525518
237525,"Marshall University","1 John Marshall Dr","Huntington","WV","25755",54," 5","Dr. Stephen James Kopp","President","8006423463","556000789","00381500",1,"www.marshall.edu/","www.marshall.edu/admissions/","www.marshall.edu/wpmu/sfa/","www.marshall.edu/admissions/apply.asp","marshall.studentaidcalculator.com/survey.aspx",1,1,1,9,1,1,11,1,2,2,1,2,13,1,"A ",-2,-2,"-2",1,1,1,1,1," ",2,18,11,18,11,4,16,21,2,4,26580,1,170,-2,1,"West Virginia Higher Education Policy Commission"," ",54011,"Cabell County",5403,-82.43065,38.42261
204024,"Miami University-Oxford","501 East High St","Oxford","OH","45056",39," 3","David Hodge","President","5135291809","316402089","00307700",1,"www.miami.miamioh.edu","www.miami.miamioh.edu/admission/admission/index.html","www.miami.miamioh.edu/admission/finaid/index.html","www.miami.miamioh.edu/admission/admission/high-school/application/index.html","www.miamioh.edu/netpricecalculator",1,1,1,9,1,1,12,1,2,2,2,2,31,1,"A ",-2,-2,"-2",1,1,1,1,1,"Miami of Ohio",2,16,10,15,12,3,17,16,2,4,17140,1,178,-2,2," ","5135293841",39017,"Butler County",3908,-84.731821,39.509642
171100,"Michigan State University"," ","East Lansing","MI","48824-1046",26," 3","Lou Anna K Simon","President","5173551855","386005984","00229000",1,"www.msu.edu","www.admissions.msu.edu/","www.finaid.msu.edu/","www.admissions.msu.edu/apply.asp","finaid.msu.edu/calc.asp",1,1,1,9,1,1,11,1,2,2,1,2,13,1,"A ",-2,-2,"-2",1,1,1,1,1,"MSU|Spartans|MI State University|State|MI State U",2,15,11,14,12,4,16,15,1,5,29620,1,330,-2,2," "," ",26065,"Ingham County",2608,-84.473639,42.72476
220978,"Middle Tennessee State University","1301 East Main Street","Murfreesboro","TN","37132",47," 5","Dr. Sidney A. McPhee","President","6158982300","626005794","00351000",1,"www.mtsu.edu","www.mtsu.edu/admissn/","www.mtsu.edu/admissn/fin_admissn.php","www.mtsu.edu/applynow/","www.mtsu.edu/financialaid/npcalc/npcalc.htm",1,1,1,9,1,1,12,1,2,2,2,2,12,1,"A ",-2,-2,"-2",1,1,1,1,1," ",2,17,10,15,10,3,15,16,2,5,34980,1,400,-2,1,"The State University and Community College System of Tennessee"," ",47149,"Rutherford County",4704,-86.362094,35.849139
176080,"Mississippi State University","Lee Boulevard","Mississippi State","MS","39762",28," 5","Dr. Mark Keenum","President","6623252323","646000819","00242300",1,"www.msstate.edu/","www.admissions.msstate.edu/","www.sfa.msstate.edu/","www.msstate.edu/web/applyonline.php","www.collegeportraits.org/MS/MSU/estimator/agree",1,1,1,9,1,1,11,1,2,2,1,2,41,1,"A ",-2,-2,"-2",1,1,1,1,1," ",2,15,14,14,11,4,16,15,1,5,44260,2,-2,-2,1,"Mississippi Institutions of Higher Learning"," ",28105,"Oktibbeha County",2803,-88.879658,33.425002
188030,"New Mexico State University-Main Campus","2850 Weddell Street","Las Cruces","NM","88003-8001",35," 6","Barbara Couture","President","5756460111","856000401","00265700",1,"www.nmsu.edu/","prospective.nmsu.edu/","fa.nmsu.edu/","prospective.nmsu.edu/apply/index.html","nmsu.studentaidcalculator.com/",1,1,1,9,1,1,12,1,2,2,2,2,22,1,"A ",-2,-2,"-2",1,1,1,1,1,"NMSU",2,16,14,15,9,4,15,15,1,4,29740,1,238,-2,1,"New Mexico State University System","5756466330",35013,"Doña Ana County",3502,-106.747841,32.282875
199193,"North Carolina State University at Raleigh","2101 Hillsborough Street","Raleigh","NC","27695-7001",37," 5","Dr. W. Randolph Woodson","Chancellor","9195152011","566000756","00297200",1,"www.ncsu.edu","www.ncsu.edu/future-students/admissions/index.php","www.fis.ncsu.edu/financial_aid/","www.ncsu.edu/future-students/apply/index.php","www.collegeportraits.org/NC/NC-State/estimator/agree",1,1,1,9,1,1,11,1,2,2,1,2,11,1,"A ",-2,-2,"-2",1,1,1,1,1,"NC State University | NC State | N C State University | N C State | NCSU",2,15,11,17,12,4,16,15,1,5,39580,1,450,-2,1,"University of North Carolina"," ",37183,"Wake County",3704,-78.674517,35.785111
147703,"Northern Illinois University","1425 W. Lincoln Hwy.","Dekalb","IL","60115-2828",17," 3","John G. Peters","President","8008923050","366008480","00173700",1,"www.niu.edu","www.niu.edu/Apply/index.shtml","www.niu.edu/fa/","www.niu.edu/admissions/onlineapp.shtml","www.niu.edu/bursar/tuition/estimator.shtml",1,1,1,9,1,1,11,1,2,2,2,2,23,1,"A ",-2,-2,"-2",1,1,1,1,1," ",2,16,11,15,11,4,16,15,2,5,16980,1,176,-2,2," "," ",17037,"DeKalb County",1716,-88.766065,41.933791
147767,"Northwestern University","633 Clark St","Evanston","IL","60208",17," 3","Morton O. Schapiro","President","8474913741","362167817","00173900",1,"www.northwestern.edu","www.northwestern.edu/admissions/","www.northwestern.edu/admissions/","www.northwestern.edu/admissions/","ug-finaid.northwestern.edu/college_cost_calculator.html",2,1,2,9,1,1,11,1,2,2,1,2,13,1,"A ",-2,-2,"-2",1,1,1,1,1," ",2,15,8,14,12,6,17,15,2,5,16980,1,176,-2,2," "," ",17031,"Cook County",1709,-87.673653,42.058377
204796,"Ohio State University-Main Campus","190 N. Oval Mall","Columbus","OH","43210",39," 3","E. Gordon Gee","President","6142926446","316025986","00309000",1,"www.osu.edu","www.osu.edu/futurestudents/","www.sfa.osu.edu","www.osu.edu/futurestudents/","sfa.osu.edu/npc/",1,1,1,9,1,1,11,1,2,1,1,2,11,1,"A ",-2,-2,"-2",1,1,1,1,1," ",2,15,11,14,13,4,15,15,1,5,18140,1,198,-2,2," ","6142927199",39049,"Franklin County",3903,-83.009001,39.998389
204857,"Ohio University-Main Campus","020 Chubb Hall","Athens","OH","45701-2979",39," 3","Dr. Roderick J. McDavis","President","7405931000","316402113","00310000",1,"www.ohio.edu","www.ohio.edu/admissions/","www.ohio.edu/financialaid/","https://www.applyweb.com/apply/ohiou/menu.html","www.collegeportraits.org/OH/OU/estimator",1,1,1,9,1,1,11,1,2,2,1,2,32,1,"A ",-2,-2,"-2",1,1,1,1,1," ",2,16,14,14,10,4,16,15,2,5,11900,2,-2,-2,2," "," ",39009,"Athens County",3915,-82.094162,39.334351
207388,"Oklahoma State University-Main Campus","107 Whitehurst","Stillwater","OK","74078-1015",40," 6","President V Burns Hargis","President, Oklahoma State University","4057445000","736017987","00317000",1,"www.okstate.edu/"," ","www.okstate.edu/finaid/","admissions.okstate.edu/apply/","okstate.studentaidcalculator.com/welcome.aspx",1,1,1,9,1,1,11,1,2,2,1,2,32,1,"A ",-2,-2,"-2",1,1,1,1,1," ",2,16,14,14,11,4,16,15,1,5,44660,2,-2,-2,1,"Oklahoma State System of Higher Education"," ",40119,"Payne County",4003,-97.069743,36.123085
209542,"Oregon State University","1500 S.W. Jefferson","Corvallis","OR","97331",41," 8","Edward J. Ray","President","5417370123","481278540","00321000",1,"oregonstate.edu","oregonstate.edu/admissions/","oregonstate.edu/financialaid/","https://adminfo.ucsadm.oregonstate.edu/prod/bwskalog.P_DispLoginNon","oregonstate.edu/financialaid/net-price-calculator",1,1,1,9,1,1,11,1,2,2,1,2,13,1,"A ",-2,-2,"-2",1,1,1,1,1,"OSU",2,15,14,14,11,4,15,15,1,5,18700,1,440,-2,1,"Oregon University System"," ",41003,"Benton County",4104,-123.27415,44.564524
214777,"Pennsylvania State University-Main Campus","201 Old Main","University Park","PA","16802-1589",42," 2","Dr. Rodney A. Erickson","President","8148654700","246000376","00332900",1,"www.psu.edu/","admissions.psu.edu/","www.psu.edu/studentaid/","admissions.psu.edu/apply/","tuition.psu.edu/CostEstimate.asp",1,1,1,9,1,1,11,1,2,1,2,2,13,1,"A ",-2,-2,"-2",1,1,1,1,1,"Penn State",2,15,14,15,12,4,16,15,1,5,44300,1,524,-2,1,"The Pennsylvania State University"," ",42027,"Centre County",4205,-77.861644,40.800732
243780,"Purdue University-Main Campus","Hovde Hall of Administration","West Lafayette","IN","47907-2040",18," 3","Timothy Sands","Acting President","7654944600","356002041","00182500",1,"www.purdue.edu","www.purdue.edu/purdue/admissions/index.html","www.purdue.edu/dfa/","admissions.purdue.edu/apply_now/apply_now.html","www.purdue.edu/DFA/estimator",1,1,1,9,1,1,11,1,2,2,1,2,22,1,"A ",-2,-2,"-2",1,1,1,1,1,"Purdue-West Lafayette|Purdue|PU|Purdue-WL",2,15,14,14,12,4,16,15,1,5,29200,1,320,-2,1,"Purdue University"," ",18157,"Tippecanoe County",1804,-86.914435,40.428206
227757,"Rice University","6100 S Main","Houston","TX","77005-1827",48," 6","David W. Leebron","President","7133480000","741109620","00360400",1,"www.rice.edu","futureowls.rice.edu/home.aspx","financialaid.rice.edu/","futureowls.rice.edu/futureowls/Apply.asp","rice.studentaidcalculator.com/survey.aspx",2,1,2,9,1,1,12,1,2,2,2,2,11,1,"A ",-2,-2,"-2",1,1,1,1,1," ",2,15,8,15,12,5,14,15,2,3,26420,1,288,-2,2," "," ",48201,"Harris County",4802,-95.403625,29.716485
186380,"Rutgers University-New Brunswick","83 Somerset St","New Brunswick","NJ","08901-1281",34," 2","Robert L. Barchi","President","7329321766","226001086","00262900",1,"www.rutgers.edu/","admissions.rutgers.edu/","studentaid.rutgers.edu/","admissions.rutgers.edu/0201.asp","studentaid.rutgers.edu/npc/default.aspx",1,1,1,9,1,1,11,1,2,2,2,2,13,1,"A ",-2,-2,"-2",1,1,1,1,1,"Rutgers, The State University of New Jersey|Rutgers, The State University|Rutgers University|Rutgers, New Brunswick Campus|Rutgers-New Brunswick Campus|Rutgers-New Jersey|Rutgers, The State University New Brunswick/Piscataway Campus|Rutgers, New Brunswick|Rutgers|RU|Rutgers, New Jersey",2,15,8,15,13,4,17,15,1,5,35620,1,408,-2,2," "," ",34023,"Middlesex County",3406,-74.45051,40.503796
122409,"San Diego State University","5500 Campanile Dr","San Diego","CA","92182"," 6"," 8","Elliot L.Hirshman","President","6195945200","330373293","00115100",1,"www.sdsu.edu"," "," "," ","www.csumentor.edu/finaid/pais/",1,1,1,9,1,1,14,1,2,2,2,2,11,1,"A ",-2,-2,"-2",1,1,1,1,1," ",2,16,11,18,11,4,15,16,2,5,41740,1,-2,-2,1,"California State University"," ",6073,"San Diego County",653,-117.071228,32.77525
122755,"San Jose State University","1 Washington Sq","San Jose","CA","95192-0001"," 6"," 8","Mo Qayoumi","President","4089241000","770414438","00115500",1,"www.sjsu.edu"," "," "," ","www.csumentor.edu/finaid/pais/",1,1,1,7,1,1,20,1,2,2,2,2,11,1,"A ",-2,-2,"-2",1,1,1,1,1," ",2,18,14,4,8,4,15,21,2,5,41940,1,488,-2,1,"California State University"," ",6085,"Santa Clara County",619,-121.881214,37.335201
228246,"Southern Methodist University","6425 Boaz St","Dallas","TX","75275-0221",48," 6","R Gerald Turner","President","2147682000","750800689","00361300",1,"www.smu.edu","www.smu.edu/admission/home.asp","www.smu.edu/admission/financial.asp","www.smu.edu/Admission/Apply.aspx","smu.edu/financial_aid/netprice/",2,1,2,9,1,1,11,1,2,2,2,2,21,1,"A ",-2,-2,"-2",1,1,1,1,1,"SMU",2,16,11,15,12,5,13,15,2,4,19100,1,206,-2,2," "," ",48113,"Dallas County",4832,-96.784855,32.845254
243744,"Stanford University"," ","Stanford","CA","94305"," 6"," 8","John L Hennessy","President","6507232300","941156365","00130500",1,"www.stanford.edu/","admission.stanford.edu/","www.stanford.edu/dept/finaid/","www.stanford.edu/dept/uga/application/freshman/apply.html","www.stanford.edu/dept/finaid/undergrad/how/calculator/",2,1,2,9,1,1,11,1,2,1,1,2,21,1,"A ",-2,-2,"-2",1,1,1,1,1," ",2,15,5,14,12,6,17,15,2,4,41940,1,488,-2,2," "," ",6085,"Santa Clara County",618,-122.182212,37.431746
196413,"Syracuse University","Crouse Hinds Hall, Suite 600","Syracuse","NY","13244-5040",36," 2","Nancy Cantor","Chancellor and President","3154431870","150532081","00288200",1,"syr.edu/","syr.edu/futurestudents/undergraduate/","financialaid.syr.edu/","syr.edu/futurestudents/undergraduate/applytosu/","npc.collegeboard.org/student/app/syr",2,1,2,9,1,1,11,1,2,2,2,2,12,1,"A ",-2,-2,"-2",1,1,1,1,1," ",2,16,11,15,12,5,17,15,2,5,45060,1,532,-2,2," ","3154434226",36067,"Onondaga County",3624,-76.135062,43.037587
216339,"Temple University","1801 North Broad Street","Philadelphia","PA","19122-6096",42," 2","Richard M. Englert","Acting President","2152047000","231365971","00337100",1,"WWW.TEMPLE.EDU","www.temple.edu/admissions/index.htm","www.temple.edu/sfs/","www.temple.edu/undergrad/applying/index.htm","npc.collegeboard.org/student/app/temple",1,1,1,9,1,1,11,1,2,1,1,2,11,1,"A ",-2,-2,"-2",1,1,1,1,1," ",2,16,14,14,11,4,15,15,2,5,37980,1,428,-2,2," ","2152047487",42101,"Philadelphia County",4202,-75.158267,39.980943
228723,"Texas A & M University-College Station","805 Rudder Tower","College Station","TX","77843-1244",48," 6","R. Bowen Loftin","President","9798453211","746000531","00363200",1,"www.tamu.edu","admissions.tamu.edu","financialaid.tamu.edu","admissions.tamu.edu/freshmen/default.aspx","collegeforalltexans.com/apps/CollegeMoney/",1,1,1,9,1,1,11,1,2,2,1,2,13,1,"A ",-2,-2,"-2",1,1,1,1,1,"Texas A&M | TAMU",2,15,11,14,12,4,15,15,1,5,17780,1,-2,-2,1,"Texas A&M University System","9798478737",48041,"Brazos County",4817,-96.306732,30.596291
228875,"Texas Christian University","2800 S University Dr","Fort Worth","TX","76129",48," 6","Victor J. Boschini, Jr.","Chancellor","8172577000","750827465","00363600",1,"www.tcu.edu/","admissions.tcu.edu","fam.tcu.edu","admissions.tcu.edu/apply/default.asp","www.financialaid.tcu.edu/npc.asp",2,1,2,9,1,1,11,1,2,2,2,2,11,1,"A ",-2,-2,"-2",1,1,1,1,1,"TCU",2,17,13,15,12,3,13,16,2,3,19100,1,206,-2,2," ","8172577268",48439,"Tarrant County",4812,-97.361537,32.709568
228459,"Texas State University-San Marcos","601 University Dr","San Marcos","TX","78666",48," 6","Denise Trauth","President","5122452111","746002248","00361500",1,"www.txstate.edu","www.admissions.txstate.edu/","www.finaid.txstate.edu/","www.applytexas.org/adappc/gen/c_start.WBX","www.finaid.txstate.edu/helpful/npc.html",1,1,1,9,1,1,11,1,2,2,2,2,23,1,"A ",-2,-2,"-2",1,1,1,1,1,"Texas State|Texas State University|Southwest Texas State University|Southwest Texas State|SWT|SWTSU|Texas State San Marcos|TxSt|TxState|TS|",2,18,10,18,11,4,15,21,2,5,12420,1,-2,-2,1,"Texas State University System","5122459020",48209,"Hays County",4835,-97.936392,29.889202
229115,"Texas Tech University","Broadway and University Avenue","Lubbock","TX","79409-5005",48," 6","Lawrence Schovanec, Ph.D","Interim President","8067422011","756002622","00364400",1,"www.ttu.edu","www.admissions.ttu.edu/","www.fina.ttu.edu/","www.applytexas.org/","www.depts.ttu.edu/financialaid/calculators.asp",1,1,1,9,1,1,11,1,2,2,2,2,12,1,"A ",-2,-2,"-2",1,1,1,1,1," ",2,16,14,15,11,4,16,15,2,5,31180,1,352,-2,1,"Texas Tech University System","8067420062",48303,"Lubbock County",4819,-101.876917,33.580309
100751,"The University of Alabama","739 University Blvd","Tuscaloosa","AL","35487-0166"," 1"," 5","Dr. Guy Bailey","President","2053486010","636001138","00105100",1,"www.ua.edu/","gobama.ua.edu","financialaid.ua.edu","apply.ua.edu","oira.ua.edu",1,1,1,9,1,1,11,1,2,2,2,2,13,1,"A ",-2,-2,"-2",1,1,1,1,1," ",2,16,14,15,10,4,16,15,2,5,46220,1,-2,-2,1,"The University of Alabama System","2053487208",1125,"Tuscaloosa County",107,-87.545766,33.2144
221759,"The University of Tennessee","527 Andy Holt Tower","Knoxville","TN","37996",47," 5","Dr. Joe DiPietro","President","8659741000","626001636","00353000",1,"www.tennessee.edu","admissions.utk.edu","finaid.utk.edu","vip.utk.edu","www.collegeportraits.org/TN/UTK/estimator/",1,1,1,9,1,1,11,1,2,2,1,2,12,1,"A ",-2,-2,"-2",1,1,1,1,1," ",2,15,11,14,13,5,16,15,1,5,28940,1,314,-2,1,"The University of Tennessee System","8659742175",47093,"Knox County",4702,-83.929696,35.955093
228778,"The University of Texas at Austin","2400 Inner Campus Drive","Austin","TX","78712",48," 6","William Powers, Jr.","President","5124713434","746000203","00365800",1,"www.utexas.edu","www.utexas.edu/student/admissions","finaid.utexas.edu","bealonghorn.utexas.edu/services/apply/apply/index.html","www.collegeportraits.org/TX/UTAustin/",1,1,1,9,1,1,11,1,2,2,2,2,11,1,"A ",-2,-2,"-2",1,1,1,1,1,"UT Austin |University of Texas",2,15,11,15,13,4,15,15,2,5,12420,1,-2,-2,1,"The University of Texas System"," ",48453,"Travis County",4825,-97.737277,30.28473
228796,"The University of Texas at El Paso","500 W. University Ave","El Paso","TX","79968-0691",48," 6","Diana Natalicio","President","9157475000","746000813","00366100",1,"www.utep.edu","academics.utep.edu/Default.aspx?tabid=69423","academics.utep.edu/Default.aspx?alias=academics.utep.edu/finaid","https://www.applytexas.org/adappc/gen/c_start.WBX","collegeforalltexans.com/apps/CollegeMoney/",1,1,1,9,1,1,11,1,2,2,2,2,11,1,"A ",-2,-2,"-2",1,1,1,1,1,"UTEP",2,16,14,15,6,4,15,16,2,5,21340,1,238,-2,1,"The University of Texas System"," ",48141,"El Paso County",4816,-106.50356,31.771697
229027,"The University of Texas at San Antonio","One UTSA Circle","San Antonio","TX","78249-1644",48," 6","Ricardo Romo","President","2104584011","417171158","01011500",1,"www.utsa.edu/","www.utsa.edu/admissions/","www.utsa.edu/financialaid/","www.applytexas.org","bluebook.utsa.edu/AttendanceCost.aspx",1,1,1,9,1,1,12,1,2,2,2,2,11,1,"A ",-2,-2,"-2",1,1,1,1,1,"UTSA",2,16,11,15,11,3,15,21,2,5,41700,1,-2,-2,1,"The University of Texas System"," ",48029,"Bexar County",4820,-98.621386,29.582418
102368,"Troy University","University Avenue","Troy","AL","36082-0001"," 1"," 5","Dr. Jack Hawkins, Jr.","Chancellor","3346703100","636001102","00104700",1,"www.troy.edu","admissions.troy.edu/","www.troy.edu/financialaid/","admissions.troy.edu/","admissions.troy.edu/npcalc.aspx",1,1,1,9,1,1,13,1,2,2,2,2,41,1,"A ",-2,-2,"-2",1,1,1,1,1,"TROY",2,18,13,7,5,4,16,21,2,5,45980,2,-2,-2,2," ","3346703774",1109,"Pike County",102,-85.950191,31.800128
160755,"Tulane University of Louisiana","6823 Saint Charles Ave","New Orleans","LA","70118-5698",22," 5","Scott S. Cowen","President","5048655000","720423889","00202900",1,"www.tulane.edu","admission.tulane.edu/","www.tulane.edu/~finaid/","admission.tulane.edu/apply/index.php","tulane.studentaidcalculator.com",2,1,2,9,1,1,11,1,2,1,1,2,11,1,"A ",-2,-2,"-2",1,1,1,1,1," ",2,15,8,14,7,5,13,15,2,4,35380,1,406,-2,2," ","5048628715",22071,"Orleans Parish",2201,-90.120409,29.939696
128328,"United States Air Force Academy","2304 Cadet Drive, Suite 3800","USAFA","CO","80840-5002"," 8"," 0","Lt Gen Michael C. Gould","Superintendent","7193336481","-1","00136900",3,"www.usafa.edu","academyadmissions.com"," ","https://admissions.usafa.edu/"," ",1,1,1,5,1,2,30,1,2,1,2,2,31,1,"A ",-2,-2,"-2",1,1,1,1,1," ",2,21,9,-1,12,2,14,59,2,2,17820,1,-2,-2,2," ","7193334309",8041,"El Paso County",805,-104.889895,39.011005
197036,"United States Military Academy","646 Swift Rd (ATTN: MASG)","West  Point","NY","10996-1905",36," 0","LTG  David Huntoon, Jr.","Superintendent","8459384011","-1","00289300",3,"www.westpoint.edu","admissions.usma.edu/"," ","admissions.usma.edu/","www.usma.edu",1,1,1,5,1,2,30,1,2,2,2,2,31,1,"A ",-2,-2,"-2",1,1,1,1,1,"West Point",2,21,6,-1,12,2,14,59,2,2,35620,1,408,-2,2," ","8459387380",36071,"Orange County",3618,-73.956804,41.390882
164155,"United States Naval Academy","121 Blake Road","Annapolis","MD","21402-5000",24," 0","M. H. Miller","Superintendent","4102931000","973806000","00210100",3,"www.usna.edu","www.usna.edu/Admissions"," ","www.usna.edu/Admissions","www.usna.edu/Admissions",1,1,1,5,1,2,30,1,2,1,2,2,21,1,"A ",-2,-2,"-2",1,1,1,1,1,"USNA, Navy, Annapolis",2,21,6,-1,12,2,14,59,2,2,12580,1,548,-2,2," ","4102931815",24003,"Anne Arundel County",2403,-76.481692,38.980507
196088,"University at Buffalo","12 Capen Hall","Buffalo","NY","14260-1660",36," 2","Satish K. Tripathi","President","7166452000","146013200","00283700",1,"www.buffalo.edu","admissions.buffalo.edu/","financialaid.buffalo.edu/","admissions.buffalo.edu/apply/index.php","financialaid.buffalo.edu/costs/netpricecalculator/index.php",1,1,1,9,1,1,11,1,2,1,1,2,21,1,"A ",-2,-2,"-2",1,1,1,1,1,"University at Buffalo|UB|State University of New York at Buffalo|SUNY Buffalo|University of Buffalo",2,15,11,14,13,5,16,15,2,5,15380,1,160,-2,1,"State University of New York System"," ",36029,"Erie County",3626,-78.78919,43.000416
200800,"University of Akron Main Campus","302 Buchtel Common","Akron","OH","44325-4702",39," 3","Luis M Proenza","President","3309727111","346002924","00312300",1,"www.uakron.edu","www.uakron.edu/admissions/","www.uakron.edu/finaid/","www.uakron.edu/admissions/undergraduate/admission_procedures/index.dot","www.uakron.edu/finaid/",1,1,1,9,1,1,11,1,2,2,2,2,12,1,"A ",-2,-2,"-2",1,1,1,1,1," ",2,16,14,15,10,4,15,16,2,5,10420,1,184,-2,2," "," ",39153,"Summit County",3913,-81.510328,41.077768
100663,"University of Alabama at Birmingham","Administration Bldg Suite 1070","Birmingham","AL","35294-0110"," 1"," 5","Ray L. Watts","President","2059344011","636005396","00105200",1,"www.uab.edu","www.uab.edu/students/undergraduate-admissions","www.uab.edu/students/paying-for-college","sa.uab.edu/admissions/application/freshman.asp","www.collegeportraits.org/AL/UAB/estimator/agree",1,1,1,9,1,1,11,1,2,1,1,2,12,1,"A ",-2,-2,"-2",1,1,1,1,1," ",2,15,11,17,8,5,15,15,2,4,13820,1,142,-2,1,"The University of Alabama System","2059757114",1073,"Jefferson County",107,-86.80917,33.50223
104179,"University of Arizona","1401 E University","Tucson","AZ","85721-0066"," 4"," 6","Ann Weaver Hart","President","5206212211","866004791","00108300",1,"www.arizona.edu","admissions.arizona.edu","financialaid.arizona.edu","admissions.arizona.edu/apply","oirps.arizona.edu/npc.html",1,1,1,9,1,1,11,1,2,2,1,2,11,1,"A ",-2,-2,"-2",1,1,1,1,1,"UA|U of A|Arizona|UofA|The University of Arizona|University of Arizona|University of Az|AZ|Univ. of Arizona|Univ. of Az|Tucson|Tucson, AZ|the university of Arizona|the Univ. of Az|the U of AZ|the U of Az|Ariz.|Arizona University|Az+university|85721|AZ+univ|AZ university|",2,15,11,14,11,4,15,15,1,5,46060,1,536,-2,1,"Arizona Board of Regents","5206219323",4019,"Pima County",403,-110.950769,32.232071
106397,"University of Arkansas","Administration Bldg 425","Fayetteville","AR","72701"," 5"," 5","G. David Gearhart","Chancellor","4795752000","716003252","00110800",1,"www.uark.edu","admissions.uark.edu/","finaid.uark.edu/","admissions.uark.edu/apply/index.php","finaid.uark.edu/331.php",1,1,1,9,1,1,11,1,2,2,2,2,13,1,"A ",-2,-2,"-2",1,1,1,1,1,"University of Arkansas|Arkansas",2,15,14,15,13,4,16,15,1,5,22220,1,-2,-2,1,"University of Arkansas System","4795757515",5143,"Washington County",503,-94.178214,36.06153
110635,"University of California-Berkeley","200 California Hall","Berkeley","CA","94720"," 6"," 8","Robert J Birgeneau","Chancellor","5106426000","946002123","00131200",1,"www.berkeley.edu"," "," "," ","calculator.berkeley.edu/",1,1,1,9,1,1,11,1,2,2,2,2,12,1,"A ",-2,-2,"-2",1,1,1,1,1,"UC Berkeley",2,15,5,15,13,5,16,15,1,5,41860,1,488,-2,1,"University of California"," ",6001,"Alameda County",613,-122.260401,37.871519
110662,"University of California-Los Angeles","405 Hilgard Ave","Los Angeles","CA","90095-1405"," 6"," 8","Dr. Gene D. Block","Chancellor","3108254321","956006143","00131500",1,"www.ucla.edu/","www.admissions.ucla.edu/","www.fao.ucla.edu/","www.universityofcalifornia.edu/admissions/how-to-apply/apply-online/index.html","www.fao.ucla.edu/aid_estimator/",1,1,1,9,1,1,11,1,2,1,1,2,11,1,"A ",-2,-2,"-2",1,1,1,1,1,"UCLA",2,15,5,14,13,5,16,15,2,5,31080,1,348,-2,1,"University of California"," ",6037,"Los Angeles County",633,-118.443901,34.068892
132903,"University of Central Florida","4000 Central Florida Blvd","Orlando","FL","32816",12," 5","John C Hitt","President","4078232000","592924021","00395400",1,"www.ucf.edu/","www.ucf.edu/admissions/","finaid.ucf.edu/","https://admissions.ucf.edu/application/login.aspx?ReturnUrl=%2fapplication%2f","netcalculator.smca.ucf.edu",1,1,1,9,1,1,11,1,2,2,2,2,21,1,"A ",-2,-2,"-2",1,1,1,1,1,"UCF",2,15,14,15,8,4,15,16,2,5,36740,1,422,-2,1,"State University System of Florida"," ",12095,"Orange County",1207,-81.198805,28.60106
201885,"University of Cincinnati-Main Campus","2624 Clifton Avenue","Cincinnati","OH","45221-0063",39," 3","Santa J. Ono","President","5135566000","316000989","00312500",1,"www.uc.edu","admissions.uc.edu/","financialaid.uc.edu/","admissions.uc.edu/apply.html","www.collegeportraits.org/OH/UC/estimator/agree",1,1,1,9,1,1,11,1,2,2,1,2,11,1,"A ",-2,-2,"-2",1,1,1,1,1," ",2,15,14,14,12,5,15,15,2,5,17140,1,178,-2,2," "," ",39061,"Hamilton County",3901,-84.51428,39.131159
126614,"University of Colorado Boulder","Regent Drive at Broadway","Boulder","CO","80309-0017"," 8"," 7","Philip P. DiStefano","Chancellor","3034921411","846000555","00137000",1,"www.colorado.edu","www.colorado.edu/prospective/","www.colorado.edu/finaid/","admissions.colorado.edu/undergraduate/apply","www.collegeportraits.org/CO/CU-Boulder/estimator/agree",1,1,1,9,1,1,11,1,2,2,2,2,13,1,"A ",-2,-2,"-2",1,1,1,1,1,"U of Colorado|Univ of Colorado|University of Colorado|U of CO|Univ of CO|University of CO|Boulder|CU|CU-Boulder|UCB|CUB|Colorado|Colorado University|U of Colo|Univ of Colo|University of Colo|Colo|Buffs|Buffalos|Buffaloes|CU at Boulder|Golden Buffs|University of Colorado at Boulder",2,15,8,15,12,4,15,15,2,5,14500,1,216,-2,1,"University of Colorado","3034920996",8013,"Boulder County",802,-105.267061,40.004415
129020,"University of Connecticut","352 Mansfield Road","Storrs","CT","06269"," 9"," 1","Susan Herbst","President","8604862000","060772160","00141700",1,"www.uconn.edu","www.admissions.uconn.edu/","financialaid.uconn.edu/","admissions.uconn.edu/content/apply","financialaid.uconn.edu/pricecalc/storrs/",1,1,1,9,1,1,11,1,2,1,1,2,21,1,"A ",-2,-2,"-2",1,1,1,1,1," ",2,15,8,14,12,5,17,15,1,5,25540,1,278,73450,2," "," ",9013,"Tolland County",902,-72.249537,41.808215
134130,"University of Florida","355 Tigert Hall","Gainesville","FL","32611-3115",12," 5","Dr. James Bernard Machen","President","3523923261","596002052","00153500",1,"www.ufl.edu/","www.admissions.ufl.edu","www.sfa.ufl.edu/","www.admissions.ufl.edu/","npc.collegeboard.org/student/app/ufl",1,1,1,9,1,1,11,1,2,2,1,2,12,1,"A ",-2,-2,"-2",1,1,1,1,1," ",2,15,11,14,12,5,16,15,1,5,23540,1,264,-2,1,"State University System of Florida"," ",12001,"Alachua County",1203,-82.361195,29.638248
139959,"University of Georgia","Administration Building","Athens","GA","30602",13," 5","Michael F. Adams","President","7065423000","586001998","00159800",1,"www.uga.edu","https://www.admissions.uga.edu/index.html","osfa.uga.edu/index.html","https://www.admissions.uga.edu/article/apply-now.html","www.collegeportraits.org/GA/UGA/estimator/agree",1,1,1,9,1,1,11,1,2,2,1,2,12,1,"A ",-2,-2,"-2",1,1,1,1,1," ",2,15,11,14,13,4,16,15,1,5,12020,1,122,-2,1,"University System of Georgia"," ",13059,"Clarke County",1310,-83.373847,33.943487
141574,"University of Hawaii at Manoa","2500 Campus Road, Hawaii Hall","Honolulu","HI","96822-2301",15," 8","Tom Apple","Chancellor","8089568975","996000354","00161000",1,"manoa.hawaii.edu","manoa.hawaii.edu/admissions","www.hawaii.edu/fas/","www.sis.hawaii.edu/uhdad/bwskalog.P_DispLoginNon","www.hawaii.edu/fas/basics/calculator.php",1,1,1,9,1,1,11,1,2,2,1,2,11,1,"A ",-2,-2,"-2",1,1,1,1,1,"UHM |UH at Manoa",2,15,11,14,11,5,15,15,1,5,46520,1,-2,-2,1,"University of Hawaii Board of Regents","8089564148",15003,"Honolulu County",1501,-157.816607,21.292648
225511,"University of Houston","212 E. Cullen Building","Houston","TX","77204-2018",48," 6","Dr. Renu Khator","Chancellor/President","7137431000","746001399","00365200",1,"www.uh.edu","www.uh.edu/admissions/","www.uh.edu/financial/"," ","www.uh.edu/financial/net-price-calculator/index.php",1,1,1,9,1,1,11,1,2,2,2,2,11,1,"A ",-2,-2,"-2",1,1,1,1,1," ",2,15,11,15,8,4,15,15,2,5,26420,1,288,-2,1,"University of Houston System"," ",48201,"Harris County",4818,-95.344851,29.719988
142285,"University of Idaho","875 Perimeter Drive","Moscow","ID","83844-2282",16," 7","M. Duane Nellis","President","8888843246","826000945","00162600",1,"www.uidaho.edu","www.uidaho.edu/admissions","www.uidaho.edu/financialaid","www.uidaho.edu/admissions/first-year-students","www.uidaho.edu/financialaid/universityofidahotuition",1,1,1,9,1,1,11,1,2,2,1,2,41,1,"A ",-2,-2,"-2",1,1,1,1,1,"Idaho",2,16,14,18,11,4,17,15,1,4,34140,2,446,-2,2," ","2088859119",16057,"Latah County",1601,-117.024296,46.726894
145637,"University of Illinois at Urbana-Champaign","601 E John Street","Champaign","IL","61820-5711",17," 3","Phyllis Wise","Vice President and Chancellor","2173331000","376000511","00177500",1,"www.illinois.edu/","admissions.illinois.edu/","www.osfa.illinois.edu","admissions.illinois.edu/apply/app.html","www.osfa.illinois.edu/aid/NPC/NPC.asp",1,1,1,9,1,1,11,1,2,2,1,2,13,1,"A ",-2,-2,"-2",1,1,1,1,1,"Illinois|Illinios|Ilinois|Ilinios|Urbana|Champaign|Champagne|Champaign-Urbana|Champagne-Urbana|Urbana-Champaign|Urbana-Champagne|University of Illinois at Urbana|University of Illinois at Champaign|University of Illinois at Champagne|University of Illinois at Champaign-Urbana|University of Illinois at Champagne-Urbana|UIUC|UICU|University of Illinois at UC|University of Illinois at CU",2,15,11,14,12,5,16,15,1,5,16580,1,-2,-2,1,"University of Illinois Board of Trustees","2172444614",17019,"Champaign County",1713,-88.230309,40.108864
153658,"University of Iowa","101 Jessup Hall","Iowa City","IA","52242-1316",19," 4","Sally Mason","President","3193353500","426004813","00189200",1,"www.uiowa.edu","admissions.uiowa.edu","www.uiowa.edu/financial-aid/","www.uiowa.edu/admissions/undergrad/apply/fy-apply.html","www.uiowa.edu/financial-aid/calculator/",1,1,1,9,1,1,11,1,2,1,1,2,13,1,"A ",-2,-2,"-2",1,1,1,1,1,"Iowa|UI",2,15,11,14,13,5,16,15,2,5,26980,1,168,-2,2," ","3193351535",19103,"Johnson County",1902,-91.535698,41.660695
155317,"University of Kansas","Strong Hall, 1450 Jayhawk Blvd, Room 230","Lawrence","KS","66045",20," 4","Bernadette Gray-Little","Chancellor","7858642700","481124839","00194800",1,"www.ku.edu/","admissions.ku.edu/","financialaid.ku.edu/","admissions.ku.edu/apply/apps/","affordability.ku.edu/cs/calculator.shtml",1,1,1,9,1,1,11,1,2,2,1,2,13,1,"A ",-2,-2,"-2",1,1,1,1,1,"University of Kansas | Univ of Kansas | Kansas University | KU | Kansas Jayhawks | Univ of KS |University of KS | Kansas Univ | Kansas U, KUMC, University of Kansas Medical Center, KU Medical Center, Kansas University Medical Center",2,15,11,14,13,5,15,15,2,5,29940,1,312,-2,1,"Kansas State University System"," ",20045,"Douglas County",2002,-95.24587,38.957351
157085,"University of Kentucky","South Limestone","Lexington","KY","40506-0032",21," 5","Dr. Eli Capilouto","President","8592579000","616001218","00198900",1,"www.uky.edu","www.uky.edu/Admission","www.uky.edu/FinancialAid","www.uky.edu/Admission/apply.htm","npc.collegeboard.org/student/app/uky",1,1,1,9,1,1,11,1,2,1,1,2,11,1,"A ",-2,-2,"-2",1,1,1,1,1," ",2,15,11,14,10,5,16,15,1,5,30460,1,336,-2,2," "," ",21067,"Fayette County",2106,-84.510698,38.028081
160658,"University of Louisiana at Lafayette","104 University Circle","Lafayette","LA","70503",22," 5","E. Joseph Savoie","President","3774821000","726000820","00203100",1,"www.louisiana.edu","admissions.louisiana.edu","admissions.louisiana.edu/financial-aid"," ","collegeportraits.org/LA/UL-Lafayette/estimator/agree",1,1,1,9,1,1,11,1,2,2,2,2,12,1,"A ",-2,-2,"-2",1,1,1,1,1,"UL Lafayette",2,16,13,17,10,3,15,16,2,4,29180,1,318,-2,1,"The University of Louisiana System","3774826175",22055,"Lafayette Parish",2203,-92.01941,30.215283
159993,"University of Louisiana-Monroe","700 University Avenue","Monroe","LA","71209-0000",22," 5","Nick J. Bruno","President","3183421000","726001695","00202000",1,"www.ulm.edu","www.ulm.edu/enrollment/","finaid.ulm.edu/","www.ulm.edu/enrollment/applyinginfo.html","webservices.ulm.edu/price_calculator/npcalc.htm",1,1,1,9,1,1,11,1,2,2,2,2,13,1,"A ",-2,-2,"-2",1,1,1,1,1,"ULM; University of Louisiana-Monroe; Uni of LA-Monroe; University of Louisiana Monroe; University of Louisiana at Monroe",2,18,13,18,11,4,12,21,2,3,33740,1,384,-2,1,"The University of Louisiana System","3183425161",22073,"Ouachita Parish",2205,-92.073855,32.527957
157289,"University of Louisville","2301 S 3rd St","Louisville","KY","40292-0001",21," 5","James R. Ramsey","President","5028525555","611014882","00199900",1,"www.louisville.edu","louisville.edu/admissions/","https://vhost.louisville.edu/student/services/fin-aid/devfinaid/index.php","louisville.edu/admissions/apply/","louisville.edu/financialaid/how-to-apply/additional-information.html",1,1,1,9,1,1,11,1,2,1,1,2,11,1,"A ",-2,-2,"-2",1,1,1,1,1," ",2,15,11,14,11,5,15,15,2,5,31140,1,350,-2,2," "," ",21111,"Jefferson County",2103,-85.758843,38.215752
163286,"University of Maryland-College Park"," ","College Park","MD","20742",24," 2","Wallace D. Loh","President","3014051000","526002033","00210300",1,"www.umd.edu","www.admissions.umd.edu/","www.financialaid.umd.edu/","www.admissions.umd.edu/apply/","npc.collegeboard.org/student/app/umd",1,1,1,9,1,1,11,1,2,2,1,2,21,1,"A ",-2,-2,"-2",1,1,1,1,1," ",2,15,11,14,13,4,16,15,1,5,47900,1,548,-2,1,"University System of Maryland"," ",24033,"Prince George's County",2405,-76.939704,38.988607
166629,"University of Massachusetts Amherst","374 Whitmore Building 181 Presidents Drive","Amherst","MA","01003",25," 1","Kumble R. Subbaswamy","Chancellor","4135450111","043167352","00222100",1,"www.umass.edu","www.umass.edu/umhome/admissions.php.html","www.umass.edu/umfa/","www.spire.umass.edu/psp/heproda/EMPLOYEE/HRMS/c/UM_SELF_SERVICE.UM_ADM_GRAD_LOGIN.GBL?FolderPath=PORTAL_ROOT_OBJECT.UM_ADM_SELF_SERVICE.UM_ADM","www.umass.edu/umfa/netprice/npcalc.htm",1,1,1,9,1,1,11,1,2,2,2,2,21,1,"A ",-2,-2,"-2",1,1,1,1,1,"UMass Amherst",2,15,8,15,12,4,17,15,1,5,44140,1,521,70300,1,"University of Massachusetts"," ",25015,"Hampshire County",2502,-72.526129,42.386103
220862,"University of Memphis","Southern Avenue","Memphis","TN","38152",47," 5","Dr. Shirley Raines","President","9016782000","620649618","00350900",1,"www.memphis.edu","www.memphis.edu/admissions/","www.memphis.edu/financialaid/","collegefortn.org/applications/university_of_Memphis/apply.html","www.collegeportraits.org/TN/UofM/estimator",1,1,1,9,1,1,11,1,2,2,2,2,11,1,"A ",-2,-2,"-2",1,1,1,1,1," ",2,16,11,15,8,4,15,15,2,5,32820,1,368,-2,1,"The State University and Community College System of Tennessee"," ",47157,"Shelby County",4709,-89.993508,35.115864
135726,"University of Miami","University of Miami","Coral Gables","FL","33146",12," 5","Dr. Donna E. Shalala","President","3052842211","590624458","00153600",1,"www.miami.edu/","www.miami.edu/index.php/admission/","www.miami.edu/index.php/office_of_financial_assistance/","www.miami.edu/admission/index.php/undergraduate_admission/apply/","public.cgcent.miami.edu/AttendanceCalculator/",2,1,2,9,1,1,11,1,2,1,1,2,21,1,"A ",-2,-2,"-2",1,1,1,1,1," ",2,15,11,14,13,5,16,15,2,4,33100,1,370,-2,2," ","3052842507",12086,"Miami-Dade County",1227,-80.27645,25.720406
170976,"University of Michigan-Ann Arbor","503 Thompson Street","Ann Arbor","MI","48109",26," 3","Mary Sue Coleman","President","7347641817","386006309","00232500",1,"www.umich.edu","www.admissions.umich.edu","www.finaid.umich.edu","www.admissions.umich.edu/applying","www.finaid.umich.edu/TopNav/Resources/MCalc.aspx",1,1,1,9,1,1,11,1,2,1,1,2,12,1,"A ",-2,-2,"-2",1,1,1,1,1,"U of Michigan|U of M|Univ of Michigan|U Michigan Ann Arbor|University of Michigan Ann Arbor",2,15,8,14,12,5,16,15,2,5,11460,1,220,-2,2," "," ",26161,"Washtenaw County",2612,-83.743132,42.276138
174066,"University of Minnesota-Twin Cities","100 Church Street SE","Minneapolis","MN","55455-0213",27," 4","Eric W. Kaler","President","6126255000","416007513","00396900",1,"www1.umn.edu/twincities/index.php","www1.umn.edu/twincities/admissions.php","onestop.umn.edu/finances/financial_aid/index.html","www.uofminn.org/10477/login.asp","npc.collegeboard.org/student/app/tcumn",1,1,1,9,1,1,11,1,2,2,1,2,11,1,"A ",-2,-2,"-2",1,1,1,1,1," ",2,15,11,14,13,5,15,15,1,5,33460,1,378,-2,1,"University of Minnesota"," ",27053,"Hennepin County",2705,-93.235352,44.977886
176017,"University of Mississippi","Oxford, Mississippi","University","MS","38677-1848",28," 5","Dan Jones","Chancellor","6629157211","646001159","00244000",1,"www.olemiss.edu","www.olemiss.edu/admissions/","www.olemiss.edu/depts/financial_aid/","www.olemiss.edu/technology/apply_online.html","www.olemiss.edu/finaid/calculator.html",1,1,1,9,1,1,11,1,2,2,2,2,33,1,"A ",-2,-2,"-2",1,1,1,1,1,"Ole Miss",2,16,13,15,11,4,16,15,2,4,37060,2,-2,-2,1,"Mississippi Institutions of Higher Learning"," ",28071,"Lafayette County",2801,-89.539377,34.362144
178396,"University of Missouri-Columbia","105 Jesse Hall","Columbia","MO","65211",29," 4","Dr. Brady J. Deaton","Chancellor","5738822121","436003859","00251600",1,"www.missouri.edu/","admissions.missouri.edu/","financialaid.missouri.edu/","admissions.missouri.edu/apply/index.php","financialaid.missouri.edu/cost-of-attendance/net-price-calculator.php",1,1,1,9,1,1,11,1,2,1,1,2,12,1,"A ",-2,-2,"-2",1,1,1,1,1," ",2,15,11,14,13,4,16,15,1,5,17860,1,190,-2,1,"University of Missouri"," ",29019,"Boone County",2904,-92.326429,38.941015
181464,"University of Nebraska-Lincoln","14th and R St","Lincoln","NE","68588",31," 4","Harvey Perlman","Chancellor","4024727211","470049123","00256500",1,"www.unl.edu/","admissions.unl.edu/","www.unl.edu/scholfa/","admissions.unl.edu/apply/","wam.unl.edu/cost/calculator.jsp",1,1,1,9,1,1,11,1,2,2,2,2,11,1,"A ",-2,-2,"-2",1,1,1,1,1," ",2,15,14,15,13,4,16,15,1,5,30700,1,339,-2,1,"University of Nebraska"," ",31109,"Lancaster County",3101,-96.702177,40.822272
182281,"University of Nevada-Las Vegas","4505 S Maryland Pky","Las Vegas","NV","89154",32," 8","Neal Smatresk","President","7028953011","886000024","00256900",1,"go.unlv.edu/","web.unlv.edu/admissions/","finaid.unlv.edu/","web.unlv.edu/admissions/apply.html","cashiering.unlv.edu/undergrad_calc.html",1,1,1,9,1,1,11,1,2,2,1,2,12,1,"A ",-2,-2,"-2",1,1,1,1,1," ",2,16,14,14,7,4,15,16,2,5,29820,1,332,-2,1,"Nevada System of Higher Education","7027748008",32003,"Clark County",3201,-115.141153,36.106994
182290,"University of Nevada-Reno","North Virginia Street","Reno","NV","89557",32," 8","Marc Johnson","President","7757841110","886000024","00256800",1,"www.unr.edu/","www.unr.edu/admissions","www.unr.edu/financial-aid/","www.unr.edu/admissions/application-process/apply-now","www.finaid.unr.edu/NetPrice/",1,1,1,9,1,1,11,1,2,2,1,2,12,1,"A ",-2,-2,"-2",1,1,1,1,1," ",2,16,11,14,11,4,15,15,1,4,39900,1,456,-2,1,"Nevada System of Higher Education"," ",32031,"Washoe County",3202,-119.82526,39.552523
187985,"University of New Mexico-Main Campus","1700 Lomas Blvd NE","Albuquerque","NM","87106",35," 6","David J Schmidly","President","5052770111","856000642","00266300",1,"www.unm.edu","www.unm.edu/admissions/","finaid.unm.edu/","www.unm.edu/apply/","npc.collegeboard.org/student/app/unm",1,1,1,9,1,1,11,1,2,1,1,2,11,1,"A ",-2,-2,"-2",1,1,1,1,1,"UNM",2,15,11,14,11,4,15,15,2,5,10740,1,106,-2,1,"University of New Mexico","5052776686",35001,"Bernalillo County",3501,-106.620155,35.083868
199120,"University of North Carolina at Chapel Hill","103 South Bldg Cb 9100","Chapel Hill","NC","27599",37," 5","Holden Thorp","Chancellor","9199622211","566001393","00297400",1,"www.unc.edu","www.admissions.unc.edu","studentaid.unc.edu","www.admissions.unc.edu/Apply","npc.collegeboard.org/student/app/unc",1,1,1,9,1,1,11,1,2,2,1,2,13,1,"A ",-2,-2,"-2",1,1,1,1,1," ",2,15,8,14,12,5,16,15,2,5,20500,1,450,-2,1,"University of North Carolina"," ",37135,"Orange County",3704,-79.050969,35.912165
227216,"University of North Texas","1501 W.Chestnut Ave.","Denton","TX","76203-1277",48," 6","V. Lane Rawlins","President","9405652000","756002149","00359400",1,"www.unt.edu","www.unt.edu/admissions.htm","essc.unt.edu/finaid/","www.unt.edu/vwbk/admission.htm","collegeforalltexans.com/apps/CollegeMoney/",1,1,1,9,1,1,11,1,2,2,2,2,12,1,"A ",-2,-2,"-2",1,1,1,1,1,"UNT|North Texas|Mean Grean",2,16,11,15,8,4,15,15,2,5,19100,1,206,-2,1,"University of North Texas System","9405652408",48121,"Denton County",4826,-97.151211,33.210958
152080,"University of Notre Dame","400 Main Building","Notre Dame","IN","46556",18," 3","Rev. John I. Jenkins, C.S.C.","President","5746315000","350868188","00184000",1,"www.nd.edu","admissions.nd.edu","financialaid.nd.edu","admissions.nd.edu/onlineapplication","financialaid.nd.edu",2,1,2,9,1,1,11,1,2,2,2,2,41,1,"A ",-2,-2,"-2",1,1,1,1,1,"Notre Dame | Fighting Irish | ND",2,15,8,15,12,5,17,15,2,4,43780,1,515,-2,2," "," ",18141,"St. Joseph County",1802,-86.289848,41.616717
207500,"University of Oklahoma Norman Campus","660 Parrington Oval","Norman","OK","73019-3072",40," 6","David L. Boren","President","4053250311","736017987","00318400",1,"www.ou.edu","www.ou.edu","www.ou.edu/financialaid.html","www.ou.edu/go2.html","netprice.ou.edu/",1,1,1,9,1,1,11,1,2,2,2,2,22,1,"A ",-2,-2,"-2",1,1,1,1,1,"University of Oklahoma|Oklahoma University|OU|Oklahoma",2,15,11,15,13,4,16,15,2,5,36420,1,416,-2,2," "," ",40027,"Cleveland County",4004,-97.445692,35.208152
209551,"University of Oregon","110 Johnson Hall","Eugene","OR","97403",41," 8","Michael Gottfredson","President","5413461000","936001786","00322300",1,"www.uoregon.edu","admissions.uoregon.edu","financialaid.uoregon.edu","admissions.uoregon.edu/apply","registrar.uoregon.edu/costs/student-budget-planner",1,1,1,9,1,1,11,1,2,2,2,2,12,1,"A ",-2,-2,"-2",1,1,1,1,1,"UO",2,15,8,15,11,4,15,15,2,5,21660,1,-2,-2,1,"Oregon University System","5413465815",41039,"Lane County",4104,-123.07398,44.044515
215293,"University of Pittsburgh-Pittsburgh Campus","4200 Fifth Avenue","Pittsburgh","PA","15260",42," 2","Mark A Nordenberg","Chancellor and Chief Executive Officer","4126244141","250965591","00337900",1,"www.pitt.edu","www.oafa.pitt.edu","www.oafa.pitt.edu/fahome.aspx","www.oafa.pitt.edu/applying.aspx","www.npc.pitt.edu/pittsburgh/npcalc.htm",1,1,1,9,1,1,11,1,2,2,1,2,11,1,"A ",-2,-2,"-2",1,1,1,1,1," ",2,15,8,14,13,5,16,15,2,5,38300,1,430,-2,1,"University of Pittsburgh"," ",42003,"Allegheny County",4214,-79.954692,40.444502
102094,"University of South Alabama","307 N University Blvd","Mobile","AL","36688-0002"," 1"," 5","V. Gordon Moulton","President","2514606101","630477348","00105700",1,"www.southalabama.edu","www.southalabama.edu/admissions/","www.southalabama.edu/finaid/","www.southalabama.edu/admissions/appdeadline.html","instresrch.usouthal.edu/npc/",1,1,1,9,1,1,11,1,2,1,1,2,12,1,"A ",-2,-2,"-2",1,1,1,1,1," ",2,16,10,18,8,4,15,16,2,4,33660,1,380,-2,2," ","2514607876",1097,"Mobile County",101,-88.18189,30.695081
218663,"University of South Carolina-Columbia","Columbia-Campus","Columbia","SC","29208",45," 5","Harris Pastides","President","8037777000","576001153","00344800",1,"www.sc.edu/","www.sc.edu/admissions/","www.sc.edu/financialaid/","www.sc.edu/applytousc/","sc.edu/admissions/costaid.php",1,1,1,9,1,1,11,1,2,2,1,2,12,1,"A ",-2,-2,"-2",1,1,1,1,1," ",2,15,14,14,13,4,16,15,2,5,17900,1,192,-2,1,"University of South Carolina","8037770101",45079,"Richland County",4506,-81.037739,34.006153
137351,"University of South Florida-Main Campus","4202 East Fowler Ave","Tampa","FL","33620-9951",12," 5","Dr. Judy Genshaft","President","8139742011","593102112","00153700",1,"www.usf.edu","www.usf.edu/Admission/index.asp","usfweb2.usf.edu/finaid/","https://secure.vzcollegeapp.com/usf/","usfweb2.usf.edu/finaid/",1,1,1,9,1,1,11,1,2,2,1,2,11,1,"A ",-2,-2,"-2",1,1,1,1,1,"USF Main Campus",2,15,11,14,8,4,15,15,2,5,45300,1,-2,-2,1,"State University System of Florida","8139749689",12057,"Hillsborough County",1215,-82.415876,28.056647
123961,"University of Southern California","University Park","Los Angeles","CA","90089"," 6"," 8","C.L. Max Nikias","President","2137402311","951642394","00132800",1,"www.usc.edu/","www.usc.edu/admission/","www.usc.edu/admission/fa/","www.usc.edu/admission/undergraduate/apply/index.html","www.usc.edu/admission/fa/applying_receiving/undergraduates1/netpricecalculator.html",2,1,2,9,1,1,11,1,2,1,1,2,11,1,"A ",-2,-2,"-2",1,1,1,1,1,"USC",2,15,11,14,13,5,16,15,2,5,31080,1,348,-2,2," "," ",6037,"Los Angeles County",637,-118.283858,34.021058
176372,"University of Southern Mississippi","118 College Drive # 0001","Hattiesburg","MS","39406-0001",28," 5","Dr. Aubrey K. Lucas","Interim President","6012661000","646000818","00244100",1,"www.usm.edu","www.usm.edu/about/future-students","www.usm.edu/financial-aid","https://www4.usm.edu/ugapp/","www4.usm.edu/admissions/financialAidCalculator/",1,1,1,9,1,1,12,1,2,2,2,2,13,1,"A ",-2,-2,"-2",1,1,1,1,1," ",2,16,14,15,11,4,16,15,2,4,25620,1,-2,-2,1,"Mississippi Institutions of Higher Learning","6012665148",28035,"Forrest County",2804,-89.33791,31.327499
206084,"University of Toledo","2801 W Bancroft","Toledo","OH","43606-3390",39," 3","Lloyd A. Jacobs, M.D.","President","4195304636","346401483","00313100",1,"www.utoledo.edu/","www.utoledo.edu/admission/","www.financialaid.utoledo.edu/","www.utoledo.edu/admission/apply/index.html","www.utoledo.edu/admission/cost/dhs/index.html",1,1,1,9,1,1,11,1,2,1,1,2,11,1,"A ",-2,-2,"-2",1,1,1,1,1," ",2,16,14,14,9,4,15,15,2,5,45780,1,534,-2,2," "," ",39095,"Lucas County",3909,-83.615225,41.65795
207971,"University of Tulsa","800 South Tucker Drive","Tulsa","OK","74104-3189",40," 6","Steadman Upham","President","9186312000","730579298","00318500",1,"www.utulsa.edu","www.utulsa.edu/admission/","www.utulsa.edu/admission/financialaid/","www.utulsa.edu/admission-and-financial-aid.aspx","resources.utulsa.edu/net-price-calculator/npcalc.htm",2,1,2,9,1,1,11,1,2,2,2,2,11,1,"A ",-2,-2,"-2",1,1,1,1,1,"Tulsa University",2,17,10,15,12,4,14,16,2,2,46140,1,538,-2,2," ","9186315003",40143,"Tulsa County",4001,-95.945175,36.151887
230764,"University of Utah","201 Presidents Circle, ROOM 203","Salt Lake City","UT","84112-9008",49," 7","David W. Pershing","President","8015817200","876000525","00367500",1,"www.utah.edu","www.sa.utah.edu/admiss/","www.sa.utah.edu/finance/","https://www.acs.utah.edu/prod/bin/student/admission-application?targetPage=AdmApplicationInformationPage&cmd=init","www.obia.utah.edu/content/vsa_ccc/npcalc.htm",1,1,1,9,1,1,11,1,2,1,1,2,12,1,"A ",-2,-2,"-2",1,1,1,1,1,"The U",2,15,11,14,8,5,15,15,2,5,41620,1,482,-2,1,"Utah System of Higher Education"," ",49035,"Salt Lake County",4902,-111.846044,40.762484
234076,"University of Virginia-Main Campus","1827 University Avenue","Charlottesville","VA","22903-2628",51," 5","Teresa A. Sullivan","President","4349240311","546001796","00374500",1,"www.virginia.edu/","www.admission.virginia.edu/","www.virginia.edu/financialaid/","www.virginia.edu/undergradadmission/apply.html","npc.collegeboard.org/student/app/virginia",1,1,1,9,1,1,11,1,2,1,1,2,13,1,"A ",-2,-2,"-2",1,1,1,1,1,"University of Virginia |UVa |UVA",2,15,8,14,12,5,16,15,2,5,16820,1,-2,-2,2," ","4349243587",51540,"Charlottesville city",5105,-78.502597,38.036545
236948,"University of Washington-Seattle Campus","1400 NE Campus Parkway","Seattle","WA","98195-4550",53," 8","Michael Young","President","2065432100","160001537","00379800",1,"www.washington.edu","admit.washington.edu/admission/","www.washington.edu/students/osfa/","admit.washington.edu/admission/","www.washington.edu/students/osfa/prospectiveug/aid.est.1.html",1,1,1,9,1,1,11,1,2,1,1,2,11,1,"A ",-2,-2,"-2",1,1,1,1,1,"UW-Seattle, UDub, UW, Washington",2,15,8,14,12,5,15,15,2,5,42660,1,500,-2,1,"University of Washington"," ",53033,"King County",5307,-122.313115,47.656213
240444,"University of Wisconsin-Madison","500 Lincoln Dr","Madison","WI","53706-1380",55," 3","David Ward","Interim Chancellor","6082621234","396006492","00389500",1,"www.wisc.edu","www.wisc.edu/admissions/","www.finaid.wisc.edu/","www.admissions.wisc.edu/applyOnline.php","www.finaid.wisc.edu/award-estimator.php",1,1,1,9,1,1,11,1,2,2,1,2,12,1,"A ",-2,-2,"-2",1,1,1,1,1," ",2,15,8,14,12,5,16,15,1,5,31540,1,357,-2,1,"University of Wisconsin System"," ",55025,"Dane County",5502,-89.405356,43.073858
240727,"University of Wyoming","Corner of Ninth and Ivinson","Laramie","WY","82071",56," 7","Thomas Buchanan","President","3077661121","836000331","00393200",1,"www.uwyo.edu","www.uwyo.edu/ADMISSIONS/","www.uwyo.edu/sfa/","www.uwyo.edu/admissions/apply.html","npc.collegeboard.org/student/app/uwyo",1,1,1,9,1,1,11,1,2,2,2,2,33,1,"A ",-2,-2,"-2",1,1,1,1,1,"UW",2,16,14,18,11,4,15,15,1,4,29660,2,-2,-2,2," ","3077664126",56001,"Albany County",5600,-105.57204,41.311943
230728,"Utah State University","Old Main Hill","Logan","UT","84322-1400",49," 7","Stan L. Albrecht","President","4357971000","876000528","00367700",1,"www.usu.edu","www.usu.edu/admissions","www.usu.edu/finaid/","www.usu.edu/admissions/applyonline/","www.collegeportraits.org/UT/USU/estimator",1,1,1,9,1,1,11,1,2,2,1,2,13,1,"A ",-2,-2,"-2",1,1,1,1,1," ",2,16,14,17,11,3,15,15,1,5,30860,1,-2,-2,1,"Utah System of Higher Education","4357973708",49005,"Cache County",4901,-111.81391,41.740748
221999,"Vanderbilt University","2101 West End Avenue","Nashville","TN","37240",47," 5","Nicholas S. Zeppos","Chancellor","6153227311","620476822","00353500",1,"www.vanderbilt.edu","www.vanderbilt.edu/Admissions/","www.vanderbilt.edu/financialaid/","www.vanderbilt.edu/Admissions/applyNow.php","npc.collegeboard.org/student/app/vanderbilt",2,1,2,9,1,1,11,1,2,1,1,2,11,1,"A ",-2,-2,"-2",1,1,1,1,1," ",2,15,5,14,12,5,17,15,2,4,34980,1,400,-2,2," ","6153437765",47037,"Davidson County",4705,-86.804875,36.14443
233921,"Virginia Polytechnic Institute and State University","222 Burruss Hall","Blacksburg","VA","24061-0131",51," 5","Charles W. Steger","President","5402316000","546001805","00375400",1,"WWW.VT.EDU","www.admiss.vt.edu","www.finaid.vt.edu","www.admiss.vt.edu/apply/apply_online.php","www.apps.finaid.vt.edu/apps/NPC/npcalc.htm",1,1,1,9,1,1,11,1,2,2,1,2,13,1,"A ",-2,-2,"-2",1,1,1,1,1,"Virginia Tech",2,15,11,17,12,4,16,15,1,5,13980,1,-2,-2,2," "," ",51121,"Montgomery County",5109,-80.434849,37.237477
199847,"Wake Forest University","1834 Wake Forest Road","Winston Salem","NC","27106",37," 5","Dr. Nathan O. Hatch","President","3367585000","560532138","00297800",1,"www.wfu.edu","www.wfu.edu/admissions","www.wfu.edu/finaid","www.wfu.edu/admissions","npc.collegeboard.org/student/app/wfu",2,1,2,9,1,1,11,1,2,2,1,2,12,1,"A ",-2,-2,"-2",1,1,1,1,1," ",2,16,7,17,12,5,14,16,2,3,49180,1,268,-2,2," "," ",37067,"Forsyth County",3705,-80.279004,36.135301
236939,"Washington State University","French Administration Building","Pullman","WA","99164-5910",53," 8","Elson S. Floyd","President","5093353564","916001108","00380000",1,"wsu.edu/","admission.wsu.edu/","finaid.wsu.edu","admission.wsu.edu/applications/","osfaappserver.french.wsu.edu/ofas/forms/npc",1,1,1,9,1,1,11,1,2,2,1,2,32,1,"A ",-2,-2,"-2",1,1,1,1,1," ",2,15,11,14,11,4,16,15,1,5,39420,2,446,-2,2," ","5093354902",53075,"Whitman County",5305,-117.158168,46.730448
238032,"West Virginia University","Stewart Hall, 1500 University Avenue","Morgantown","WV","26506-6201",54," 5","James Clements","President","3042930111","556000842","00382700",1,"www.wvu.edu/","adm.wvu.edu","www.finaid.wvu.edu","apply.wvu.edu/","www.finaid.wvu.edu/net_price_calculator",1,1,1,9,1,1,11,1,2,2,1,2,13,1,"A ",-2,-2,"-2",1,1,1,1,1,"WVU",2,16,11,14,10,4,16,15,1,5,34060,1,390,-2,1,"West Virginia Higher Education Policy Commission","3042935883",54061,"Monongalia County",5401,-79.953926,39.63468
157951,"Western Kentucky University","1906 College Heights Blvd","Bowling Green","KY","42101-1000",21," 5","Gary A. Ransdell","President","2707450111","616055628","00200200",1,"www.wku.edu","www.wku.edu/atwku/admissions.php","www.wku.edu/financialaid/","www.wku.edu/atwku/admissions.php","www.wku.edu/financialaid/calculator.php",1,1,1,9,1,1,14,1,2,2,2,2,13,1,"A ",-2,-2,"-2",1,1,1,1,1,"WKU, HILLTOPPERS",2,18,10,4,11,3,16,21,2,5,14540,1,150,-2,2," ","2707455442",21227,"Warren County",2102,-86.455898,36.985718
172699,"Western Michigan University","1903 West Michigan Avenue","Kalamazoo","MI","49008-5200",26," 3","John M. Dunn","President","2693871000","386007327","00233000",1,"www.wmich.edu","www.wmich.edu/admissions/","www.wmich.edu/finaid/","www.wmich.edu/apply/","www.wmich.edu/finaid/netcalc/",1,1,1,9,1,1,11,1,2,2,2,2,13,1,"A ",-2,-2,"-2",1,1,1,1,1,"WMU",2,16,14,15,11,4,15,15,2,5,28020,1,310,-2,2," "," ",26077,"Kalamazoo County",2606,-85.61512,42.282589
143358,"Bradley University","1501 W Bradley Ave","Peoria","IL","61625-0001",17," 3","Joanne K Glasser","President","3096767611","370661494","00164100",1,"www.bradley.edu","admissions.bradley.edu","sfs.bradley.edu","admissions.bradley.edu/freshman/application/","admissions.bradley.edu/ssl/estimator/?status=viewtab1",2,1,2,9,1,1,13,1,2,2,2,2,12,1,"A ",-2,-2,"-2",1,1,1,1,1," ",2,18,13,8,13,3,14,21,2,3,37900,1,426,-2,2," ","3096772797",17143,"Peoria County",1717,-89.61462,40.697605
211291,"Bucknell University","One Dent Drive","Lewisburg","PA","17837",42," 2","John Bravman","President","5705772000","240772407","00323800",1,"www.bucknell.edu","www.bucknell.edu/x68.xml","www.bucknell.edu/x21246.xml","https://www.commonapp.org/CommonApp/default.aspx","npc.collegeboard.org/student/app/bucknell",2,1,2,7,1,1,20,1,2,2,2,2,32,1,"A ",-2,-2,"-2",1,1,1,1,1," ",2,21,7,4,12,3,14,31,2,2,30260,2,146,-2,2," ","5705773538",42119,"Union County",4210,-76.886275,40.954489
150163,"Butler University","4600 Sunset Ave","Indianapolis","IN","46208",18," 3","James Danko","President","3179408000","350867974","00178800",1,"www.butler.edu","go.butler.edu/about-admission/","go.butler.edu/about-admission/financial-costs","go.butler.edu/about-admission/apply","www.butler.edu/financial-aid/net-price-calculator/",2,1,2,9,1,1,13,1,2,2,2,2,11,1,"A ",-2,-2,"-2",1,1,1,1,1," ",2,19,10,8,12,4,14,21,2,2,26900,1,294,-2,2," "," ",18097,"Marion County",1807,-86.171791,39.840662
199139,"University of North Carolina at Charlotte","9201 University City Blvd","Charlotte","NC","28223-0001",37," 5","Philip L. Dubois","Chancellor","7046872000","560791228","00297500",1,"www.uncc.edu","admissions.uncc.edu","finaid.uncc.edu"," ","finaid.uncc.edu/estimating-costs/net-price-calculator",1,1,1,9,1,1,12,1,2,2,2,2,11,1,"A ",-2,-2,"-2",1,1,1,1,1,"UNC Charlotte",2,17,11,18,11,4,16,21,2,5,16740,1,172,-2,1,"University of North Carolina"," ",37119,"Mecklenburg County",3712,-80.73579,35.306834
217819,"College of Charleston","66 George St","Charleston","SC","29424-0001",45," 5","P. George Benson","President","8439535500","576000265","00342800",1,"www.cofc.edu","admissions.cofc.edu/","finaid.cofc.edu/","www.applyweb.com/apply/charles/indexa.html","cofc.studentaidcalculator.com/survey.aspx",1,1,1,8,1,1,20,1,2,2,2,2,12,1,"A ",-2,-2,"-2",1,1,1,1,1," ",2,19,7,5,13,3,16,21,2,4,16700,1,-2,-2,2," ","8439535811",45019,"Charleston County",4501,-79.937251,32.783142
190415,"Cornell University","300 Day Hall","Ithaca","NY","14853",36," 2","David J. Skorton","President","6072552000","150532082","00271100",1,"www.cornell.edu","admissions.cornell.edu/","finaid.cornell.edu/","app.commonapp.org/application/applicantlogin.aspx?d=1189017177203","cornell.studentaidcalculator.com/survey.aspx",2,1,2,9,1,1,11,1,2,2,1,2,13,1,"A ",-2,-2,"-2",1,1,1,1,1," ",2,15,11,14,12,5,17,15,1,5,27060,1,296,-2,2," ","6072555396",36109,"Tompkins County",3623,-76.48269,42.445291
181002,"Creighton University","2500 California Plaza","Omaha","NE","68178",31," 4","Timothy Lannon","President","4022802700","470376583","00254200",1,"www.creighton.edu","admissions.creighton.edu","www.creighton.edu/finaid","www.creighton.edu/apply/index.php","www.creighton.edu/admissions/financialinfo/netpricecalculator/index.php",2,1,2,9,1,1,11,1,2,1,1,2,11,1,"A ",-2,-2,"-2",1,1,1,1,1," ",2,18,10,13,12,5,14,21,2,3,36540,1,420,-2,2," ","4022802685",31055,"Douglas County",3102,-95.947029,41.265325
198385,"Davidson College","102 N. Main Street","Davidson","NC","28035",37," 5","Carol Quillen","President","7048942000","560529961","00291800",1,"www.davidson.edu/","www3.davidson.edu/cms/x384.xml","www3.davidson.edu/cms/x32703.xml","www3.davidson.edu/cms/x7186.xml","www3.davidson.edu/cms/x44004.xml",2,1,2,5,1,2,30,1,2,2,2,2,21,1,"A ",-2,-2,"-2",1,1,1,1,1," ",2,21,3,-1,12,2,11,31,2,2,16740,1,172,-2,2," "," ",37119,"Mecklenburg County",3709,-80.845236,35.500006
202480,"University of Dayton","300 College Park","Dayton","OH","45469",39," 3","Dr. Daniel J. Curran","President","9372291000","310536715","00312700",1,"www.udayton.edu","www.udayton.edu/apply/index.php","www.udayton.edu/flyersfirst/financialaid/index.php","www.udayton.edu/apply/index.php","npc.collegeboard.org/student/app/udayton",2,1,2,9,1,1,11,1,2,2,2,2,12,1,"A ",-2,-2,"-2",1,1,1,1,1," ",2,16,13,17,12,5,14,16,2,4,19380,1,212,-2,2," "," ",39113,"Montgomery County",3910,-84.173662,39.73686
144740,"DePaul University","55 E Jackson","Chicago","IL","60604",17," 3","Dennis H. Holtschneider","President","3123628000","362167048","00167100",1,"www.depaul.edu","depaul.edu/admission/types_of_admission/index.asp","www.depaul.edu/admission/FinancialAid/","https://wa.is.depaul.edu/AdmissionApp/login.aspx","www.depaul.edu/npc",2,1,2,9,1,1,11,1,2,2,2,2,11,1,"A ",-2,-2,"-2",1,1,1,1,1," ",2,17,11,15,11,5,15,16,2,5,16980,1,176,-2,2," "," ",17031,"Cook County",1705,-87.654116,41.923332
153269,"Drake University","2507 University Avenue","Des Moines","IA","50311-4505",19," 4","David E Maxwell","President","5152712011","041103730","00186000",1,"www.drake.edu","www.drake.edu/admission","www.drake.edu/advantage/costs-finaid/scholar-finaid.php","www.drake.edu/advantage/applying/index.php","www.drake.edu/advantage/costs-finaid/financial-aid/earlyestimate_fresh.php",2,1,2,9,1,1,11,1,2,2,2,2,12,1,"A ",-2,-2,"-2",1,1,1,1,1,"Drake",2,18,13,12,12,5,14,21,2,3,19780,1,218,-2,2," ","5152712954",19153,"Polk County",1903,-93.654061,41.60381
433660,"Florida Gulf Coast University","10501 Fgcu Blvd S","Fort Myers","FL","33965-6565",12," 5","Dr. Wilson G. Bradshaw","President","2395901000","650753801","03255300",1,"www.fgcu.edu","www.fgcu.edu/admissions.asp","www.fgcu.edu/AS/FinancialAid/","gulfline.fgcu.edu/pls/fgpo/bwskalog.P_DispLoginNon","www.fgcu.edu/AS/FinancialAid/npcalc1.html",1,1,1,9,1,1,11,1,2,2,2,2,21,1,"A ",-2,-2,"-2",1,1,1,1,1," ",2,18,13,8,11,3,13,21,2,4,15980,1,162,-2,1,"State University System of Florida","2395901059",12071,"Lee County",1219,-81.773578,26.464262
232186,"George Mason University","4400 University Dr","Fairfax","VA","22030-4444",51," 5","Angel Cabrera","President","7039931000","540836354","00374900",1,"www.gmu.edu","admissions.gmu.edu/","financialaid.gmu.edu/","admissions.gmu.edu/applyNow/","financialaid.gmu.edu/net-price-calculator/",1,1,1,9,1,1,11,1,2,2,2,2,21,1,"A ",-2,-2,"-2",1,1,1,1,1,"Mason",2,16,11,15,8,5,16,16,2,5,47900,1,548,-2,2," ","7039934622",51059,"Fairfax County",5111,-77.30794,38.83088
131469,"George Washington University","2121 I Street, NW","Washington","DC","20052",11," 2","Steven Knapp","President","2029941000","530196584","00144400",1,"www.gwu.edu","www.gwu.edu/apply/","gwired.gwu.edu/finaid/","www.gwu.edu/apply/undergraduateadmissions/applytogw","www.gwu.edu/apply/costsfinancialplanning/undergraduate/netpricecalculator",2,1,2,9,1,1,11,1,2,2,1,2,11,1,"A ",-2,-2,"-2",1,1,1,1,1,"GWU|GW",2,15,8,14,12,5,17,15,2,5,47900,1,548,-2,2," ","2029940325",11001,"District of Columbia",1198,-77.047871,38.89865
131496,"Georgetown University","37th and O St NW","Washington","DC","20057",11," 2","John J. 'Jack' Degioia","President","2026870100","530196603","00144500",1,"www.georgetown.edu","www12.georgetown.edu/undergrad/admissions/","finaid.georgetown.edu/","https://www.applyweb.com/public/register?s=gtuf","finaid.georgetown.edu/net-price-calc",2,1,2,9,1,1,11,1,2,2,1,2,11,1,"A ",-2,-2,"-2",1,1,1,1,1,"Georgetown|GU",2,15,8,14,12,6,17,15,2,4,47900,1,548,-2,2," ","2026875084",11001,"District of Columbia",1198,-77.073463,38.908809
235316,"Gonzaga University","E 502 Boone Ave","Spokane","WA","99258-0001",53," 8","Dr. Thayne McColloh","President","5093284220","910236600","00377800",1,"www.gonzaga.edu","www.gonzaga.edu/Admissions/default.asp","www.gonzaga.edu/FinancialAid","www.gonzaga.edu/Admissions/default.asp","gonzaga.edu/NPC",2,1,2,9,1,1,11,1,2,2,2,2,12,1,"A ",-2,-2,"-2",1,1,1,1,1," ",2,18,10,13,12,4,14,21,2,3,44060,1,518,-2,2," ","5093135860",53063,"Spokane County",5305,-117.403062,47.668144
166027,"Harvard University","Massachusetts Hall","Cambridge","MA","02138",25," 1","Drew Faust","President","6174951000","042103580","00215500",1,"www.harvard.edu","www.admissions.college.harvard.edu","www.fao.fas.harvard.edu","www.admissions.college.harvard.edu/apply/forms/index.html","npc.fas.harvard.edu",2,1,2,9,1,1,11,1,2,2,1,2,12,1,"A ",-2,-2,"-2",1,1,1,1,1," ",2,15,5,14,12,6,17,15,2,5,14460,1,148,71650,2," "," ",25017,"Middlesex County",2505,-71.118177,42.374429
145813,"Illinois State University","North and School Streets","Normal","IL","61790-1000",17," 3","C. Alvin Bowman","President","3094382111","376014070","00169200",1,"illinoisstate.edu/","www.admissions.illinoisstate.edu","financialaid.illinoisstate.edu/","www.admissions.illinoisstate.edu/apply","financialaid.illinoisstate.edu/prospective/estimator",1,1,1,9,1,1,11,1,2,2,2,2,22,1,"A ",-2,-2,"-2",1,1,1,1,1," ",2,17,14,18,13,3,16,16,2,5,14010,1,145,-2,2," ","3094383932",17113,"McLean County",1713,-88.99234,40.509724
213367,"La Salle University","1900 W Olney Ave","Philadelphia","PA","19141-1199",42," 2","Michael McGinniss","President","2159511000","231352654","00328700",1,"www.lasalle.edu","www.lasalle.edu/admiss/","www.lasalle.edu/admiss/fin_aid/","www.lasalle.edu/admiss/apply_now.php","lasalle.studentaidcalculator.com/survey.aspx",2,1,2,9,1,1,11,1,2,2,2,2,11,1,"A ",-2,-2,"-2",1,1,1,1,1," ",2,18,13,13,7,4,13,21,2,3,37980,1,428,-2,2," ","2159511488",42101,"Philadelphia County",4202,-75.152996,40.038503
239105,"Marquette University","1250 W Wisconsin Avenue","Milwaukee","WI","53233",55," 3","Rev. Scott R. Pilarz S.J.","President","4142887710","390806251","00386300",1,"www.marquette.edu","www.marquette.edu/student/","www.marquette.edu/about/fin_aid.shtml","www.marquette.edu/student/applytoday.shtml","www.marquette.edu/student-aid-calculator/",2,1,2,9,1,1,11,1,2,2,1,2,11,1,"A ",-2,-2,"-2",1,1,1,1,1," ",2,17,10,14,12,4,17,15,2,4,33340,1,376,-2,2," ","4142883764",55079,"Milwaukee County",5504,-87.928122,43.038765
240453,"University of Wisconsin-Milwaukee","2200 E Kenwood Blvd","Milwaukee","WI","53201-0413",55," 3","Michael R. Lovell","Chancellor","4142291122","396006492","00389600",1,"www.uwm.edu","www4.uwm.edu/admission/","www4.uwm.edu/financialaid/","https://apply.wisconsin.edu","www4.uwm.edu/financialaid/calculator/NPC/",1,1,1,9,1,1,11,1,2,2,2,2,11,1,"A ",-2,-2,"-2",1,1,1,1,1,"UWM",2,16,11,15,11,4,15,15,2,5,33340,1,376,-2,1,"University of Wisconsin System","6082630544",55079,"Milwaukee County",5504,-87.880488,43.076848
179566,"Missouri State University-Springfield","901 S National","Springfield","MO","65897",29," 4","Mr. Cliff Smart","Interim President","4178365000","446000308","00250300",1,"www.missouristate.edu","www.missouristate.edu/admissions/","www.missouristate.edu/FinancialAid/","https://www.missouristate.edu/futurestudents/applynow.aspx","missouristate.studentaidcalculator.com/welcome.aspx",1,1,1,9,1,1,13,1,2,2,2,2,12,1,"A ",-2,-2,"-2",1,1,1,1,1," ",2,18,13,4,11,4,16,21,2,5,44180,1,520,-2,1,"Missouri State University"," ",29077,"Greene County",2907,-93.276821,37.197983
157401,"Murray State University","218 Wells Hall","Murray","KY","42071-3318",21," 5","Randy J. Dunn","President","2708093011","611005783","00197700",1,"www.murraystate.edu","www.murraystate.edu/Admissions","www.murraystate.edu/fas.aspx","www.murraystate.edu/Admissions/ApplyOnline.aspx","murraystate.studentaidcalculator.com/survey.aspx",1,1,1,9,1,1,13,1,2,2,2,2,33,1,"A ",-2,-2,"-2",1,1,1,1,1," ",2,18,13,4,11,4,13,21,2,4,34660,2,-2,-2,2," ","2708093413",21035,"Calloway County",2101,-88.323493,36.61241
154095,"University of Northern Iowa","1227 W 27th St","Cedar Falls","IA","50614-0005",19," 4","Benjamin Allen","President","3192732311","426004333","00189000",1,"www.uni.edu","www.uni.edu/admissions/","www.uni.edu/finaid/","www.uni.edu/admissions/apply/documents/undergrad_app.pdf","access.uni.edu/cgi-bin/calc_aid/calc_aid.cgi",1,1,1,9,1,1,14,1,2,2,2,2,13,1,"A ",-2,-2,"-2",1,1,1,1,1,"UNI |Panthers |Northern Iowa",2,18,13,18,11,3,16,21,2,4,47940,1,-2,-2,1,"Board of Regents, State of Iowa"," ",19013,"Black Hawk County",1901,-92.459703,42.514923
120883,"University of the Pacific","3601 Pacific Ave","Stockton","CA","95211-0197"," 6"," 8","Pamela A. Eibeck","President","2099462011","941156266","00132900",1,"www.pacific.edu","web.pacific.edu/x14983.xml","web.pacific.edu/x17330.xml","web.pacific.edu/x17599.xml","npc.collegeboard.org/student/app/pacific",2,1,2,9,1,1,11,1,2,2,1,2,11,1,"A ",-2,-2,"-2",1,1,1,1,1,"Pacific | UOP | University of Pacific | Pacific University | U. Pacific | Univ. of Pacific | U. of Pacific",2,17,10,18,13,5,14,16,2,3,44700,1,488,-2,2," "," ",6077,"San Joaquin County",609,-121.307296,37.980624
186131,"Princeton University","1 Nassau Hall","Princeton","NJ","08544-0070",34," 2","Shirley M. Tilghman","President","6092583000","210634501","00262700",1,"www.princeton.edu"," "," "," ","www.princeton.edu/admission/financialaid/estimator/",2,1,2,9,1,1,12,1,2,2,2,2,21,1,"A ",-2,-2,"-2",1,1,1,1,1," ",2,15,8,15,12,5,14,15,2,3,45940,1,408,-2,2," "," ",34021,"Mercer County",3412,-74.664364,40.348232
217402,"Providence College","1 Cunningham Square","Providence","RI","02918-0001",44," 1","Rev. Brian J. Shanley O.P.","President","4018651000","050258932","00340600",1,"www.providence.edu","www.providence.edu/Admission/","www.providence.edu/financial-aid/Pages/default.aspx","www.providence.edu/apply/Pages/default.aspx","npc.collegeboard.org/student/app/providence",2,1,2,7,1,1,20,1,2,2,2,2,12,1,"A ",-2,-2,"-2",1,1,1,1,1," ",2,18,10,6,12,3,14,21,2,2,39300,1,148,77200,2," ","4018652826",44007,"Providence County",4402,-71.43792,41.844064
217484,"University of Rhode Island","Green Hall, 35 Campus Avenue","Kingston","RI","02881",44," 1","David M. Dooley","President","4018741000","003414000","00341400",1,"www.uri.edu/","www.uri.edu/admission","www.uri.edu/es/menus/finaid.html","www.uri.edu/admission","www.collegeportraits.org/RI/URI/estimator/agree",1,1,1,9,1,1,11,1,2,2,2,2,21,1,"A ",-2,-2,"-2",1,1,1,1,1,"URI",2,16,10,15,11,4,16,15,1,4,39300,1,148,77200,1,"Rhode Island Board of Governors for Higher Education"," ",44009,"Washington County",4402,-71.531052,41.481616
215770,"Saint Joseph's University","5600 City Avenue","Philadelphia","PA","19131-1395",42," 2","C. Kevin Gillespie, S.J.","President","6106601000","231352674","00336700",1,"www.sju.edu","www.sju.edu/majors-programs/apply-online","www.sju.edu/int/resources/finaid/index.html","www.sju.edu/majors-programs/apply-online","www.collegecostcalculator.org/sju",2,1,2,9,1,1,12,1,2,2,2,2,11,1,"A ",-2,-2,"-2",1,1,1,1,1," ",2,18,13,12,10,4,14,21,2,3,37980,1,428,-2,2," ","6106603300",42101,"Philadelphia County",4202,-75.238343,39.994442
233374,"University of Richmond","28 Westhampton Way","University of Richmond","VA","23173",51," 5","Edward L. Ayers","President","8042898000","540505965","00374400",1,"www.richmond.edu","admissions.richmond.edu/","financialaid.richmond.edu/","admissions.richmond.edu/process/index.html","npc.collegeboard.org/student/app/richmond",2,1,2,9,1,1,13,1,2,2,2,2,12,1,"A ",-2,-2,"-2",1,1,1,1,1,"UR/U of Richmond/Richmond",2,21,7,8,12,4,14,31,2,2,40060,1,-2,-2,2," ","8042876540",51760,"Richmond city",5107,-77.538702,37.577625
179159,"Saint Louis University-Main Campus","One Grand Blvd","Saint Louis","MO","63103-2097",29," 4","Lawrence Biondi, S.J.","President","3149772222","430654872","00250600",1,"www.slu.edu","admissions.slu.edu","finaid.slu.edu","apply.slu.edu","www.slu.edu/services/emis/apps/cost/",2,1,2,9,1,1,11,1,2,1,1,2,11,1,"A ",-2,-2,"-2",1,1,1,1,1," ",2,16,14,14,9,5,17,15,2,4,41180,1,476,-2,2," ","3149777136",29510,"St. Louis city",2901,-90.23343,38.636516
123554,"Saint Marys College of California","1928 Saint Marys Road","Moraga","CA","94556"," 6"," 8","Ronald Gallagher","President","9256314000","941156599","00130200",1,"www.stmarys-ca.edu","www.stmarys-ca.edu/admissions-aid","www.stmarys-ca.edu/financialaid","www.smcadmit.com","www.stmarys-ca.edu/admissions-aid/net-price-calculator",2,1,2,9,1,1,12,1,2,2,2,2,41,1,"A ",-2,-2,"-2",1,1,1,1,1,"St. Marys College of California | St Marys College of California",2,18,10,12,10,4,14,21,2,2,41860,1,488,-2,2," ","9253767193",6013,"Contra Costa County",611,-122.106795,37.83997
186584,"Seton Hall University","400 S Orange Ave","South Orange","NJ","07079-2697",34," 2","Dr. A. Gabriel Esteban","President","9737619000","221500645","00263200",1,"www.shu.edu","www.shu.edu/applying/index.cfm","www.shu.edu/offices/financial-aid/","www.shu.edu/applying/undergraduate/apply.cfm","www7.shu.edu/admissions/cost-calculator.cfm",2,1,2,9,1,1,11,1,2,2,2,2,21,1,"A ",-2,-2,"-2",1,1,1,1,1," ",2,17,10,18,11,5,13,16,2,3,35620,1,408,-2,2," "," ",34013,"Essex County",3410,-74.248753,40.742859
149222,"Southern Illinois University Carbondale","Lincoln Drive","Carbondale","IL","62901-4512",17," 3","Rita Cheng","Chancellor","6184532121","376005961","00175800",1,"www.siu.edu","admissions.siu.edu/","fao.siu.edu/","admissions.siu.edu/applynow.html","fao.siu.edu/cost/",1,1,1,9,1,1,11,1,2,1,1,2,13,1,"A ",-2,-2,"-2",1,1,1,1,1," ",2,16,14,14,11,4,16,15,2,4,16060,1,-2,-2,1,"Southern Illinois University","6184534609",17077,"Jackson County",1712,-89.217618,37.71921
195809,"St. John's University-New York","8000 Utopia Pky","Queens","NY","11439",36," 2","Rev. Donald J. Harrington, C.M.","President","7189906161","111630830","00282300",1,"www.stjohns.edu","www.stjohns.edu/admission","www.stjohns.edu/services/financial","www.stjohns.edu/admission/undergraduate/apply","www.stjohns.edu/services/financial/netprice.stj",2,1,2,9,1,1,11,1,2,2,2,2,11,1,"A ",-2,-2,"-2",1,1,1,1,1," ",2,17,10,18,10,4,16,16,2,5,35620,1,408,-2,2," ","7189905723",36081,"Queens County",3605,-73.795301,40.721979
152600,"Valparaiso University","US Highway 30 and Sturdy Road","Valparaiso","IN","46383",18," 3","Mark A. Heckler","President","2194645000","350868125","00184200",1,"valpo.edu","valpo.edu/admission/","valpo.edu/financialaid/","valpo.edu/apply/","valpo.collegecosts.com/Estimator/Agreement",2,1,2,9,1,1,11,1,2,2,2,2,21,1,"A ",-2,-2,"-2",1,1,1,1,1,"Valpo|VU",2,18,10,4,10,5,14,21,2,2,16980,1,176,-2,2," ","2194645381",18127,"Porter County",1801,-87.045853,41.463176
216597,"Villanova University","800 Lancaster Avenue","Villanova","PA","19085-1699",42," 2","Peter M. Donohue, O.S.A.","President","6105194500","231352688","00338800",1,"www.villanova.edu","www.villanova.edu/enroll/admission","www.villanova.edu/enroll/finaid","www1.villanova.edu/villanova/admission/overview/undergrad.html","npc.collegeboard.org/student/app/villanova",2,1,2,9,1,1,11,1,2,2,2,2,21,1,"A ",-2,-2,"-2",1,1,1,1,1," ",2,18,11,18,12,4,14,21,2,4,37980,1,428,-2,2," ","6105195000",42045,"Delaware County",4207,-75.345457,40.039388
234030,"Virginia Commonwealth University","910 W Franklin St","Richmond","VA","23284-2512",51," 5","Dr. Michael Rao","President","8048280100","546001758","00373500",1,"www.vcu.edu/","www.vcu.edu/apply/","www.enrollment.vcu.edu/finaid/","www.ugrad.vcu.edu/index.html","npc.collegeboard.org/student/app/vcu",1,1,1,9,1,1,11,1,2,1,1,2,12,1,"A ",-2,-2,"-2",1,1,1,1,1,"VCU",2,15,11,14,11,4,15,15,2,5,40060,1,-2,-2,2," ","8048281899",51760,"Richmond city",5103,-77.453597,37.547631
156125,"Wichita State University","1845 N. Fairmount","Wichita","KS","67260-0124",20," 4","John W. Bardo","President","3169783456","486029925","00195000",1,"www.wichita.edu","www.wichita.edu/thisis/offices/admissions/","www.wichita.edu/thisis/home/?u=finaid_home","webs.wichita.edu/?u=apply&p=/OnlineApplicationGateway","webapps.wichita.edu/netprice/",1,1,1,9,1,1,11,1,2,2,2,2,11,1,"A ",-2,-2,"-2",1,1,1,1,1,"WSU",2,16,14,16,8,4,15,16,2,4,48620,1,556,-2,1,"Kansas State University System","3169783016",20173,"Sedgwick County",2004,-97.296733,37.716484
218964,"Winthrop University","701 Oakland Ave","Rock Hill","SC","29733",45," 5","Anthony Digiorgio","President","8033232211","576001204","00345600",1,"www.winthrop.edu","www.winthrop.edu/admissions/secondary.aspx?id=2462","www.winthrop.edu/finaid/","https://www.applyweb.com/apply/winthrop/menu.html","www.winthrop.edu/finaid/default.aspx?id=20273",1,1,1,8,1,1,20,1,2,2,2,2,13,1,"A ",-2,-2,"-2",1,1,1,1,1," ",2,18,10,6,11,4,13,21,2,3,16740,1,172,-2,2," ","8033232137",45091,"York County",4505,-81.028663,34.93851
206622,"Xavier University","3800 Victory Parkway","Cincinnati","OH","45207-1092",39," 3","Michael J Graham, SJ","President","5137453000","310537516","00314400",1,"www.xavier.edu","www.xavier.edu/admission","www.xavier.edu/financial-aid","www.xavier.edu/admission/apply.cfm","www.xavier.edu/undergraduate-admission/scholarships/fa-calculator/index.cfm",2,1,2,9,1,1,13,1,2,2,2,2,11,1,"A ",-2,-2,"-2",1,1,1,1,1,"XU | X",2,18,10,6,12,5,13,21,2,3,17140,1,178,-2,2," ","5137454319",39061,"Hamilton County",3901,-84.477648,39.149291
